suite,scenario,dataset,seed,task,method,rmse_truth,score_metric,score,tpr,fpr,update_cos,mia_auc,eps_aggregate,eps_server,n_malicious,seconds,rmse_clean
robustness,clean,cox,0,survival,2sri,0.02904083501838297,c_index,0.6029984991389997,,,,,inf,inf,0,13.015731811523438,0.0
robustness,clean,cox,1,survival,2sri,0.22731456657416357,c_index,0.6043332086827997,,,,,inf,inf,0,12.960408687591553,0.0
robustness,clean,cox,2,survival,2sri,0.08082367362874544,c_index,0.6057321611435825,,,,,inf,inf,0,11.961243391036987,0.0
robustness,clean,cox,3,survival,2sri,0.09952649846912924,c_index,0.6048131094096326,,,,,inf,inf,0,12.431955337524414,0.0
robustness,clean,cox,4,survival,2sri,0.4812792476869205,c_index,0.5991604913854787,,,,,inf,inf,0,12.666002035140991,0.0
robustness,no_attack|fedavg,cox,0,survival,2sri,0.02904083501838297,c_index,0.6029984991389997,,,,,inf,inf,0,7.368713855743408,0.0
robustness,no_attack|fedavg,cox,1,survival,2sri,0.22731456657416357,c_index,0.6043332086827997,,,,,inf,inf,0,7.904280424118042,0.0
robustness,no_attack|fedavg,cox,2,survival,2sri,0.08082367362874544,c_index,0.6057321611435825,,,,,inf,inf,0,7.3348469734191895,0.0
robustness,no_attack|fedavg,cox,3,survival,2sri,0.09952649846912924,c_index,0.6048131094096326,,,,,inf,inf,0,8.072042226791382,0.0
robustness,no_attack|fedavg,cox,4,survival,2sri,0.4812792476869205,c_index,0.5991604913854787,,,,,inf,inf,0,8.236563444137573,0.0
robustness,no_attack|fedavg_registered,cox,0,survival,2sri,0.027345385342468123,c_index,0.6029615434329924,,,,,inf,inf,0,6.829952955245972,0.00547979659116054
robustness,no_attack|fedavg_registered,cox,1,survival,2sri,0.237449180486867,c_index,0.6042906272027811,,,,,inf,inf,0,8.37709355354309,0.011302793989628657
robustness,no_attack|fedavg_registered,cox,2,survival,2sri,0.08456659466089109,c_index,0.6057345088709349,,,,,inf,inf,0,7.528804779052734,0.00734776771278795
robustness,no_attack|fedavg_registered,cox,3,survival,2sri,0.09729356908472439,c_index,0.6048164796999609,,,,,inf,inf,0,7.605032205581665,0.006497607434946194
robustness,no_attack|fedavg_registered,cox,4,survival,2sri,0.46924624112507357,c_index,0.5990356642015493,,,,,inf,inf,0,7.908442497253418,0.016639903797074466
robustness,no_attack|norm_bound,cox,0,survival,2sri,0.02204315114465893,c_index,0.6029515523850169,,,,,inf,inf,0,7.883728981018066,0.01274830925025858
robustness,no_attack|norm_bound,cox,1,survival,2sri,0.275966175331148,c_index,0.6039369098585898,,,,,inf,inf,0,8.290544271469116,0.050103916545329315
robustness,no_attack|norm_bound,cox,2,survival,2sri,0.10342377343841264,c_index,0.6057213999694095,,,,,inf,inf,0,9.592293500900269,0.023815201540902383
robustness,no_attack|norm_bound,cox,3,survival,2sri,0.11686060199651092,c_index,0.6047009965448388,,,,,inf,inf,0,8.67336916923523,0.021870456253837513
robustness,no_attack|norm_bound,cox,4,survival,2sri,0.5408414501328871,c_index,0.5979483800307174,,,,,inf,inf,0,7.460437297821045,0.062463768587849404
robustness,no_attack|median,cox,0,survival,2sri,0.028180395536047138,c_index,0.6030098980289428,,,,,inf,inf,0,9.83303427696228,0.010356696016997301
robustness,no_attack|median,cox,1,survival,2sri,0.27085902913531135,c_index,0.6035349533867593,,,,,inf,inf,0,8.965853691101074,0.045441520331858234
robustness,no_attack|median,cox,2,survival,2sri,0.04550817111166151,c_index,0.6057768928951512,,,,,inf,inf,0,11.941863536834717,0.03727847164141885
robustness,no_attack|median,cox,3,survival,2sri,0.1262243766903147,c_index,0.6044430704187911,,,,,inf,inf,0,15.676245927810669,0.028718142486826796
robustness,no_attack|median,cox,4,survival,2sri,0.5347190107828438,c_index,0.5956243612001775,,,,,inf,inf,0,9.454147338867188,0.05564148829296556
robustness,no_attack|trimmed_mean,cox,0,survival,2sri,0.02396959139082657,c_index,0.6029330070378243,,,,,inf,inf,0,10.449607133865356,0.02023362353081786
robustness,no_attack|trimmed_mean,cox,1,survival,2sri,0.2853023452001373,c_index,0.6032416502322142,,,,,inf,inf,0,11.276549577713013,0.07196521745312724
robustness,no_attack|trimmed_mean,cox,2,survival,2sri,0.09926227782213864,c_index,0.6057042245547871,,,,,inf,inf,0,7.892275333404541,0.019762903823840505
robustness,no_attack|trimmed_mean,cox,3,survival,2sri,0.14196289896371603,c_index,0.6043571452946206,,,,,inf,inf,0,10.258102655410767,0.04286936813229849
robustness,no_attack|trimmed_mean,cox,4,survival,2sri,0.5859166575039082,c_index,0.5965972575949018,,,,,inf,inf,0,8.415345907211304,0.11325614821683888
robustness,no_attack|krum,cox,0,survival,2sri,0.11684168237970034,c_index,0.6029893275567422,,,,,inf,inf,0,8.28426742553711,0.12580205671531383
robustness,no_attack|krum,cox,1,survival,2sri,0.4716555240418564,c_index,0.5981615956143773,,,,,inf,inf,0,9.95851755142212,0.2710618250593313
robustness,no_attack|krum,cox,2,survival,2sri,0.2917808961543515,c_index,0.6053664666137691,,,,,inf,inf,0,10.27373456954956,0.22508489816589838
robustness,no_attack|krum,cox,3,survival,2sri,0.3145217076072577,c_index,0.6035047993087096,,,,,inf,inf,0,9.748952865600586,0.22259043163211334
robustness,no_attack|krum,cox,4,survival,2sri,0.8422287793686117,c_index,0.5909588486929931,,,,,inf,inf,0,8.386470317840576,0.3706744842603011
robustness,no_attack|multi_krum,cox,0,survival,2sri,0.035666221818621384,c_index,0.6029488165445697,,,,,inf,inf,0,12.55321216583252,0.014362272596685462
robustness,no_attack|multi_krum,cox,1,survival,2sri,0.2949187839069371,c_index,0.6036723129385991,,,,,inf,inf,0,11.896623611450195,0.08012850470104181
robustness,no_attack|multi_krum,cox,2,survival,2sri,0.08439939301950809,c_index,0.6057320880135553,,,,,inf,inf,0,11.858460426330566,0.01710973371379383
robustness,no_attack|multi_krum,cox,3,survival,2sri,0.1131294787355713,c_index,0.6045631584164851,,,,,inf,inf,0,10.685220003128052,0.015456889011354261
robustness,no_attack|multi_krum,cox,4,survival,2sri,0.5778196033931129,c_index,0.5967361453578882,,,,,inf,inf,0,9.13619065284729,0.09716459502408517
robustness,no_attack|geometric_median,cox,0,survival,2sri,0.025458616603747458,c_index,0.602917307862945,,,,,inf,inf,0,12.08232593536377,0.008808252693727122
robustness,no_attack|geometric_median,cox,1,survival,2sri,0.24493425741055538,c_index,0.6043158760151501,,,,,inf,inf,0,9.81196403503418,0.021641071784937148
robustness,no_attack|geometric_median,cox,2,survival,2sri,0.07048144738909076,c_index,0.6057327738296719,,,,,inf,inf,0,9.527870893478394,0.02332427379093812
robustness,no_attack|geometric_median,cox,3,survival,2sri,0.08897713163800484,c_index,0.6048092841287589,,,,,inf,inf,0,10.330715894699097,0.02118747391581369
robustness,no_attack|geometric_median,cox,4,survival,2sri,0.48731442554860566,c_index,0.5985742721222426,,,,,inf,inf,0,7.129197597503662,0.009995876182423598
robustness,sign_flip|fedavg,cox,0,survival,2sri,123.39877306715213,c_index,0.39393181713968545,0.0,0.0,,,inf,inf,1,8.46840500831604,123.3952913366099
robustness,sign_flip|fedavg,cox,1,survival,2sri,192.8284306975868,c_index,0.39470166423931874,0.0,0.0,,,inf,inf,1,7.803775072097778,193.02611928646397
robustness,sign_flip|fedavg,cox,2,survival,2sri,212.69577256494813,c_index,0.39310499833756174,0.0,0.0,,,inf,inf,1,7.577042818069458,212.76095540831585
robustness,sign_flip|fedavg,cox,3,survival,2sri,250.58744751712337,c_index,0.3916887206710636,0.0,0.0,,,inf,inf,1,8.40676498413086,250.67905449880303
robustness,sign_flip|fedavg,cox,4,survival,2sri,381.77208905010815,c_index,0.3926263614096492,0.0,0.0,,,inf,inf,1,7.320348501205444,382.23659890205687
robustness,sign_flip|fedavg_registered,cox,0,survival,2sri,123.39877306715213,c_index,0.39393181713968545,0.0,0.0,,,inf,inf,1,7.90760612487793,123.3952913366099
robustness,sign_flip|fedavg_registered,cox,1,survival,2sri,192.8284306975868,c_index,0.39470166423931874,0.0,0.0,,,inf,inf,1,7.741515159606934,193.02611928646397
robustness,sign_flip|fedavg_registered,cox,2,survival,2sri,212.69577256494813,c_index,0.39310499833756174,0.0,0.0,,,inf,inf,1,7.7230751514434814,212.76095540831585
robustness,sign_flip|fedavg_registered,cox,3,survival,2sri,250.58744751712337,c_index,0.3916887206710636,0.0,0.0,,,inf,inf,1,7.5812811851501465,250.67905449880303
robustness,sign_flip|fedavg_registered,cox,4,survival,2sri,381.77208905010815,c_index,0.3926263614096492,0.0,0.0,,,inf,inf,1,7.683360576629639,382.23659890205687
robustness,sign_flip|norm_bound,cox,0,survival,2sri,0.024499843727546,c_index,0.6062387427162957,1.0,0.4444444444444444,,,inf,inf,1,7.367062568664551,0.02643713724954491
robustness,sign_flip|norm_bound,cox,1,survival,2sri,0.43560900392374996,c_index,0.6014172796174114,1.0,0.4444444444444444,,,inf,inf,1,7.2463507652282715,0.2111450214682088
robustness,sign_flip|norm_bound,cox,2,survival,2sri,0.19902777882723713,c_index,0.6066907355907714,1.0,0.4444444444444444,,,inf,inf,1,8.023334264755249,0.12081312957667124
robustness,sign_flip|norm_bound,cox,3,survival,2sri,0.2069840782756462,c_index,0.6072137936591785,1.0,0.4444444444444444,,,inf,inf,1,7.290973901748657,0.1090639831379355
robustness,sign_flip|norm_bound,cox,4,survival,2sri,0.7676748140826442,c_index,0.5924237494261156,1.0,0.4444444444444444,,,inf,inf,1,7.8125574588775635,0.28935527735350786
robustness,sign_flip|median,cox,0,survival,2sri,0.039638459332274945,c_index,0.6063036272037219,1.0,0.4,,,inf,inf,1,6.66123366355896,0.02018945256715263
robustness,sign_flip|median,cox,1,survival,2sri,0.3456297172801445,c_index,0.6021968958690562,1.0,0.5333333333333333,,,inf,inf,1,6.758434772491455,0.12151168250088742
robustness,sign_flip|median,cox,2,survival,2sri,0.18900360385557682,c_index,0.606712451241994,1.0,0.3333333333333333,,,inf,inf,1,7.041288137435913,0.11113455296414512
robustness,sign_flip|median,cox,3,survival,2sri,0.19165124280984183,c_index,0.6072098201751788,1.0,0.4222222222222222,,,inf,inf,1,7.824538946151733,0.09485905595504436
robustness,sign_flip|median,cox,4,survival,2sri,0.643915715838459,c_index,0.5938053037321502,1.0,0.4,,,inf,inf,1,9.195802211761475,0.16707639828885631
robustness,sign_flip|trimmed_mean,cox,0,survival,2sri,0.021948426259187352,c_index,0.6062631183018182,1.0,0.044444444444444446,,,inf,inf,1,8.436407089233398,0.01665139888045531
robustness,sign_flip|trimmed_mean,cox,1,survival,2sri,0.36352317022025654,c_index,0.6017698374456681,1.0,0.08888888888888889,,,inf,inf,1,9.646170616149902,0.14404812223787394
robustness,sign_flip|trimmed_mean,cox,2,survival,2sri,0.19158508813394773,c_index,0.6068039261922947,1.0,0.0,,,inf,inf,1,8.58280086517334,0.11506027460719173
robustness,sign_flip|trimmed_mean,cox,3,survival,2sri,0.19753997298836914,c_index,0.6071723789801914,1.0,0.0,,,inf,inf,1,8.039216041564941,0.09982436276389985
robustness,sign_flip|trimmed_mean,cox,4,survival,2sri,0.6631623312344695,c_index,0.5939336718092313,1.0,0.022222222222222223,,,inf,inf,1,8.082857131958008,0.18918564999103382
robustness,sign_flip|krum,cox,0,survival,2sri,0.11684168237970034,c_index,0.6061496173233861,1.0,0.8888888888888888,,,inf,inf,1,8.790397882461548,0.12580205671531383
robustness,sign_flip|krum,cox,1,survival,2sri,0.4716555240418564,c_index,0.5971358304434393,1.0,0.8888888888888888,,,inf,inf,1,8.374063968658447,0.2710618250593313
robustness,sign_flip|krum,cox,2,survival,2sri,0.2917808961543515,c_index,0.6064631672383315,1.0,0.8888888888888888,,,inf,inf,1,8.062355995178223,0.22508489816589838
robustness,sign_flip|krum,cox,3,survival,2sri,0.2959007085125365,c_index,0.6068134684855355,1.0,0.8888888888888888,,,inf,inf,1,9.583208084106445,0.20166432677962168
robustness,sign_flip|krum,cox,4,survival,2sri,0.7836664340949772,c_index,0.5894932288802107,1.0,0.8888888888888888,,,inf,inf,1,8.760619640350342,0.3232326029751495
robustness,sign_flip|multi_krum,cox,0,survival,2sri,0.03017406290577374,c_index,0.606180549170142,1.0,0.1111111111111111,,,inf,inf,1,9.032536745071411,0.024166414713021996
robustness,sign_flip|multi_krum,cox,1,survival,2sri,0.2826732377662945,c_index,0.6033585737101341,1.0,0.1111111111111111,,,inf,inf,1,9.625789642333984,0.059095975583984585
robustness,sign_flip|multi_krum,cox,2,survival,2sri,0.11458989980909347,c_index,0.606905841228578,1.0,0.1111111111111111,,,inf,inf,1,9.303181648254395,0.037900369066405856
robustness,sign_flip|multi_krum,cox,3,survival,2sri,0.14143533353124121,c_index,0.6079577094009461,1.0,0.1111111111111111,,,inf,inf,1,9.378947496414185,0.04518260045595351
robustness,sign_flip|multi_krum,cox,4,survival,2sri,0.5681883829559962,c_index,0.5991370102094391,1.0,0.1111111111111111,,,inf,inf,1,8.589431047439575,0.08882594917917583
robustness,sign_flip|geometric_median,cox,0,survival,2sri,0.022271159777056144,c_index,0.606265532146416,1.0,0.0,,,inf,inf,1,8.20996379852295,0.019593164750895554
robustness,sign_flip|geometric_median,cox,1,survival,2sri,0.30539626739132913,c_index,0.6030621335036581,1.0,0.0,,,inf,inf,1,8.869695663452148,0.08211631201181903
robustness,sign_flip|geometric_median,cox,2,survival,2sri,0.13967857602320585,c_index,0.6068682047846035,1.0,0.0,,,inf,inf,1,8.44518232345581,0.06256493179389355
robustness,sign_flip|geometric_median,cox,3,survival,2sri,0.15239874137656792,c_index,0.6078427056833446,1.0,0.0,,,inf,inf,1,8.2834312915802,0.055170082343160294
robustness,sign_flip|geometric_median,cox,4,survival,2sri,0.6567548517173614,c_index,0.5965295005313668,1.0,0.0,,,inf,inf,1,7.666963577270508,0.18120011377983042
robustness,scale|fedavg,cox,0,survival,2sri,0.5167742334590885,c_index,0.6058216671995739,0.0,0.0,,,inf,inf,1,6.696100234985352,0.5268287373887157
robustness,scale|fedavg,cox,1,survival,2sri,0.37254854661889825,c_index,0.6054506600521455,0.0,0.0,,,inf,inf,1,6.733050346374512,0.16965624143741506
robustness,scale|fedavg,cox,2,survival,2sri,0.15101335537403218,c_index,0.6070518561148771,0.0,0.0,,,inf,inf,1,6.543479919433594,0.07979830529790656
robustness,scale|fedavg,cox,3,survival,2sri,0.32138240367240234,c_index,0.6085399052574455,0.0,0.0,,,inf,inf,1,7.617038011550903,0.2282793655687202
robustness,scale|fedavg,cox,4,survival,2sri,0.8859385785938977,c_index,0.6068616167367507,0.0,0.0,,,inf,inf,1,6.7822630405426025,0.40549864218583803
robustness,scale|fedavg_registered,cox,0,survival,2sri,0.5167742334590885,c_index,0.6058216671995739,0.0,0.0,,,inf,inf,1,7.618252992630005,0.5268287373887157
robustness,scale|fedavg_registered,cox,1,survival,2sri,0.37254854661889825,c_index,0.6054506600521455,0.0,0.0,,,inf,inf,1,7.119778633117676,0.16965624143741506
robustness,scale|fedavg_registered,cox,2,survival,2sri,0.15101335537403218,c_index,0.6070518561148771,0.0,0.0,,,inf,inf,1,7.410243988037109,0.07979830529790656
robustness,scale|fedavg_registered,cox,3,survival,2sri,0.32138240367240234,c_index,0.6085399052574455,0.0,0.0,,,inf,inf,1,7.193591117858887,0.2282793655687202
robustness,scale|fedavg_registered,cox,4,survival,2sri,0.8859385785938977,c_index,0.6068616167367507,0.0,0.0,,,inf,inf,1,8.606804609298706,0.40549864218583803
robustness,scale|norm_bound,cox,0,survival,2sri,0.02204315114465893,c_index,0.6061387939079244,1.0,0.4444444444444444,,,inf,inf,1,8.264943599700928,0.01274830925025858
robustness,scale|norm_bound,cox,1,survival,2sri,0.275966175331148,c_index,0.6034489739940545,1.0,0.4444444444444444,,,inf,inf,1,7.715107679367065,0.050103916545329315
robustness,scale|norm_bound,cox,2,survival,2sri,0.10342377343841264,c_index,0.6069104904955067,1.0,0.4444444444444444,,,inf,inf,1,7.3801798820495605,0.023815201540902383
robustness,scale|norm_bound,cox,3,survival,2sri,0.11653485960504564,c_index,0.6080713990314153,1.0,0.4444444444444444,,,inf,inf,1,7.900918960571289,0.02175947615576132
robustness,scale|norm_bound,cox,4,survival,2sri,0.540629823294114,c_index,0.5990747864188003,1.0,0.4444444444444444,,,inf,inf,1,7.201629877090454,0.06217012573731534
robustness,scale|median,cox,0,survival,2sri,0.027782441103503936,c_index,0.6062403539995518,1.0,0.4666666666666667,,,inf,inf,1,7.946653604507446,0.01543292986030629
robustness,scale|median,cox,1,survival,2sri,0.24513498248020416,c_index,0.6031408297581851,1.0,0.4444444444444444,,,inf,inf,1,8.206863164901733,0.02747326636677011
robustness,scale|median,cox,2,survival,2sri,0.047714075146693985,c_index,0.6070639273913739,1.0,0.4,,,inf,inf,1,8.006975650787354,0.046825609984218426
robustness,scale|median,cox,3,survival,2sri,0.09980882543211941,c_index,0.608026371253939,1.0,0.5111111111111111,,,inf,inf,1,10.002075672149658,0.011310170850107085
robustness,scale|median,cox,4,survival,2sri,0.49132129563506105,c_index,0.5962199427830494,1.0,0.4888888888888889,,,inf,inf,1,9.569737672805786,0.012820966037251096
robustness,scale|trimmed_mean,cox,0,survival,2sri,0.023000395372406255,c_index,0.6061523380072851,1.0,0.022222222222222223,,,inf,inf,1,9.99488377571106,0.015710995946557706
robustness,scale|trimmed_mean,cox,1,survival,2sri,0.2724712173214194,c_index,0.6031035942566938,1.0,0.1111111111111111,,,inf,inf,1,7.519187688827515,0.061986853415481054
robustness,scale|trimmed_mean,cox,2,survival,2sri,0.08104488010796694,c_index,0.606932999066157,1.0,0.0,,,inf,inf,1,7.3911213874816895,0.021678615661803194
robustness,scale|trimmed_mean,cox,3,survival,2sri,0.11386320951867901,c_index,0.6080082693951575,1.0,0.044444444444444446,,,inf,inf,1,9.489022254943848,0.015204315292712198
robustness,scale|trimmed_mean,cox,4,survival,2sri,0.5852470723209334,c_index,0.597893028236868,1.0,0.044444444444444446,,,inf,inf,1,7.7038352489471436,0.10647109037160947
robustness,scale|krum,cox,0,survival,2sri,0.11684168237970034,c_index,0.6061496173233861,1.0,0.8888888888888888,,,inf,inf,1,7.486595153808594,0.12580205671531383
robustness,scale|krum,cox,1,survival,2sri,0.4716555240418564,c_index,0.5971358304434393,1.0,0.8888888888888888,,,inf,inf,1,7.119793891906738,0.2710618250593313
robustness,scale|krum,cox,2,survival,2sri,0.2917808961543515,c_index,0.6064631672383315,1.0,0.8888888888888888,,,inf,inf,1,6.944976329803467,0.22508489816589838
robustness,scale|krum,cox,3,survival,2sri,0.2959007085125365,c_index,0.6068134684855355,1.0,0.8888888888888888,,,inf,inf,1,6.746381044387817,0.20166432677962168
robustness,scale|krum,cox,4,survival,2sri,0.7836664340949772,c_index,0.5894932288802107,1.0,0.8888888888888888,,,inf,inf,1,6.378204345703125,0.3232326029751495
robustness,scale|multi_krum,cox,0,survival,2sri,0.03017406290577374,c_index,0.606180549170142,1.0,0.1111111111111111,,,inf,inf,1,5.908487558364868,0.024166414713021996
robustness,scale|multi_krum,cox,1,survival,2sri,0.2826732377662945,c_index,0.6033585737101341,1.0,0.1111111111111111,,,inf,inf,1,6.595062971115112,0.059095975583984585
robustness,scale|multi_krum,cox,2,survival,2sri,0.11458989980909347,c_index,0.606905841228578,1.0,0.1111111111111111,,,inf,inf,1,6.5132317543029785,0.037900369066405856
robustness,scale|multi_krum,cox,3,survival,2sri,0.14143533353124121,c_index,0.6079577094009461,1.0,0.1111111111111111,,,inf,inf,1,6.574508190155029,0.04518260045595351
robustness,scale|multi_krum,cox,4,survival,2sri,0.5681883829559962,c_index,0.5991370102094391,1.0,0.1111111111111111,,,inf,inf,1,5.397995948791504,0.08882594917917583
robustness,scale|geometric_median,cox,0,survival,2sri,0.031414663080120496,c_index,0.6062285965632604,1.0,0.0,,,inf,inf,1,5.296458959579468,0.009543737369472123
robustness,scale|geometric_median,cox,1,survival,2sri,0.19955027758422952,c_index,0.6042774445561456,1.0,0.044444444444444446,,,inf,inf,1,5.4982521533966064,0.028739528345006638
robustness,scale|geometric_median,cox,2,survival,2sri,0.050233201912680936,c_index,0.6069937771392736,1.0,0.0,,,inf,inf,1,5.885934829711914,0.032552604717096714
robustness,scale|geometric_median,cox,3,survival,2sri,0.08509355248726834,c_index,0.608325941256797,1.0,0.0,,,inf,inf,1,5.35984992980957,0.015449450074260098
robustness,scale|geometric_median,cox,4,survival,2sri,0.4307590096194502,c_index,0.6008425858255265,1.0,0.022222222222222223,,,inf,inf,1,4.694712162017822,0.051353499493068236
robustness,gaussian|fedavg,cox,0,survival,2sri,0.04085605188779953,c_index,0.6061591928291138,0.0,0.0,,,inf,inf,1,5.8035619258880615,0.026573353448184574
robustness,gaussian|fedavg,cox,1,survival,2sri,0.34944790114885615,c_index,0.6023481884407963,0.0,0.0,,,inf,inf,1,7.984964370727539,0.12464860099088006
robustness,gaussian|fedavg,cox,2,survival,2sri,0.08925374469777529,c_index,0.6069163491430801,0.0,0.0,,,inf,inf,1,6.991929769515991,0.016263499656808133
robustness,gaussian|fedavg,cox,3,survival,2sri,0.18953441477412653,c_index,0.6078255774925554,0.0,0.0,,,inf,inf,1,6.797199249267578,0.09072203924728225
robustness,gaussian|fedavg,cox,4,survival,2sri,0.6630644550728575,c_index,0.5953139999335983,0.0,0.0,,,inf,inf,1,7.106697082519531,0.1822693473185017
robustness,gaussian|fedavg_registered,cox,0,survival,2sri,0.04085605188779953,c_index,0.6061591928291138,0.0,0.0,,,inf,inf,1,7.886481761932373,0.026573353448184574
robustness,gaussian|fedavg_registered,cox,1,survival,2sri,0.34944790114885615,c_index,0.6023481884407963,0.0,0.0,,,inf,inf,1,7.315444231033325,0.12464860099088006
robustness,gaussian|fedavg_registered,cox,2,survival,2sri,0.08925374469777529,c_index,0.6069163491430801,0.0,0.0,,,inf,inf,1,8.941912174224854,0.016263499656808133
robustness,gaussian|fedavg_registered,cox,3,survival,2sri,0.18953441477412653,c_index,0.6078255774925554,0.0,0.0,,,inf,inf,1,7.871300220489502,0.09072203924728225
robustness,gaussian|fedavg_registered,cox,4,survival,2sri,0.6630644550728575,c_index,0.5953139999335983,0.0,0.0,,,inf,inf,1,8.04889702796936,0.1822693473185017
robustness,gaussian|norm_bound,cox,0,survival,2sri,0.024994904309950175,c_index,0.6061983500185244,1.0,0.4444444444444444,,,inf,inf,1,7.665890216827393,0.01757757839737012
robustness,gaussian|norm_bound,cox,1,survival,2sri,0.34036789997009276,c_index,0.6025470560378055,1.0,0.4444444444444444,,,inf,inf,1,7.958651542663574,0.11535832743017903
robustness,gaussian|norm_bound,cox,2,survival,2sri,0.1405998071302183,c_index,0.60688792195575,1.0,0.4444444444444444,,,inf,inf,1,7.106552600860596,0.06134474743744606
robustness,gaussian|norm_bound,cox,3,survival,2sri,0.1653207107173264,c_index,0.6075716196868234,1.0,0.4444444444444444,,,inf,inf,1,7.494350433349609,0.06719177462865326
robustness,gaussian|norm_bound,cox,4,survival,2sri,0.6853949469854965,c_index,0.5959641751944798,1.0,0.4444444444444444,,,inf,inf,1,6.995939493179321,0.20642804120824457
robustness,gaussian|median,cox,0,survival,2sri,0.023015317119011103,c_index,0.6062212630579421,1.0,0.4444444444444444,,,inf,inf,1,7.037878751754761,0.01265743846071867
robustness,gaussian|median,cox,1,survival,2sri,0.3250152943902939,c_index,0.6025618133433162,1.0,0.5111111111111111,,,inf,inf,1,6.771846294403076,0.09972756261304185
robustness,gaussian|median,cox,2,survival,2sri,0.1088196746639795,c_index,0.6068820582673001,1.0,0.35555555555555557,,,inf,inf,1,7.11113166809082,0.031243301082215964
robustness,gaussian|median,cox,3,survival,2sri,0.16432120662169844,c_index,0.607466606138082,1.0,0.4,,,inf,inf,1,7.075485706329346,0.06685868585769923
robustness,gaussian|median,cox,4,survival,2sri,0.5990699025886463,c_index,0.5924222875738281,1.0,0.4,,,inf,inf,1,6.138325452804565,0.12169859561137232
robustness,gaussian|trimmed_mean,cox,0,survival,2sri,0.025444262374485757,c_index,0.6062086089776946,1.0,0.044444444444444446,,,inf,inf,1,6.714763641357422,0.015886713414536045
robustness,gaussian|trimmed_mean,cox,1,survival,2sri,0.3523054286302989,c_index,0.6015785650669085,1.0,0.13333333333333333,,,inf,inf,1,6.796082973480225,0.1325583683374504
robustness,gaussian|trimmed_mean,cox,2,survival,2sri,0.13372336862360013,c_index,0.6068508758722653,1.0,0.0,,,inf,inf,1,6.601895093917847,0.06323666634390863
robustness,gaussian|trimmed_mean,cox,3,survival,2sri,0.1870418992725195,c_index,0.6072955901753174,1.0,0.0,,,inf,inf,1,6.326393365859985,0.08958935723822066
robustness,gaussian|trimmed_mean,cox,4,survival,2sri,0.6797802940781447,c_index,0.593817013518941,1.0,0.022222222222222223,,,inf,inf,1,6.909708261489868,0.20085570757154686
robustness,gaussian|krum,cox,0,survival,2sri,0.11684168237970034,c_index,0.6061496173233861,1.0,0.8888888888888888,,,inf,inf,1,6.694658279418945,0.12580205671531383
robustness,gaussian|krum,cox,1,survival,2sri,0.4716555240418564,c_index,0.5971358304434393,1.0,0.8888888888888888,,,inf,inf,1,6.795656442642212,0.2710618250593313
robustness,gaussian|krum,cox,2,survival,2sri,0.2917808961543515,c_index,0.6064631672383315,1.0,0.8888888888888888,,,inf,inf,1,5.98497200012207,0.22508489816589838
robustness,gaussian|krum,cox,3,survival,2sri,0.2959007085125365,c_index,0.6068134684855355,1.0,0.8888888888888888,,,inf,inf,1,6.776697635650635,0.20166432677962168
robustness,gaussian|krum,cox,4,survival,2sri,0.7836664340949772,c_index,0.5894932288802107,1.0,0.8888888888888888,,,inf,inf,1,5.850384473800659,0.3232326029751495
robustness,gaussian|multi_krum,cox,0,survival,2sri,0.03017406290577374,c_index,0.606180549170142,1.0,0.1111111111111111,,,inf,inf,1,4.943958759307861,0.024166414713021996
robustness,gaussian|multi_krum,cox,1,survival,2sri,0.2826732377662945,c_index,0.6033585737101341,1.0,0.1111111111111111,,,inf,inf,1,5.175313949584961,0.059095975583984585
robustness,gaussian|multi_krum,cox,2,survival,2sri,0.11458989980909347,c_index,0.606905841228578,1.0,0.1111111111111111,,,inf,inf,1,5.2410054206848145,0.037900369066405856
robustness,gaussian|multi_krum,cox,3,survival,2sri,0.14143533353124121,c_index,0.6079577094009461,1.0,0.1111111111111111,,,inf,inf,1,5.564295530319214,0.04518260045595351
robustness,gaussian|multi_krum,cox,4,survival,2sri,0.5681883829559962,c_index,0.5991370102094391,1.0,0.1111111111111111,,,inf,inf,1,6.0101118087768555,0.08882594917917583
robustness,gaussian|geometric_median,cox,0,survival,2sri,0.029604518190195116,c_index,0.6062153106700175,1.0,0.0,,,inf,inf,1,5.242516279220581,0.01913514685274529
robustness,gaussian|geometric_median,cox,1,survival,2sri,0.27723264965001043,c_index,0.6034097340317864,1.0,0.0,,,inf,inf,1,5.588782072067261,0.056507208693143164
robustness,gaussian|geometric_median,cox,2,survival,2sri,0.08740121686632348,c_index,0.60692934532186,1.0,0.0,,,inf,inf,1,4.688606023788452,0.01861785558860283
robustness,gaussian|geometric_median,cox,3,survival,2sri,0.12307632488127486,c_index,0.6081281974707436,1.0,0.0,,,inf,inf,1,5.693984031677246,0.02476545562241534
robustness,gaussian|geometric_median,cox,4,survival,2sri,0.5729147895077381,c_index,0.5985995324964906,1.0,0.0,,,inf,inf,1,6.150845289230347,0.0935481671744299
robustness,outcome_flip|fedavg,cox,0,survival,2sri,0.28683896281781807,c_index,0.6072906200279349,0.0,0.0,,,inf,inf,2,7.617751359939575,0.28449668919345394
robustness,outcome_flip|fedavg,cox,1,survival,2sri,0.10478179677717667,c_index,0.4805527476057683,0.0,0.0,,,inf,inf,2,6.6560773849487305,0.3304203523180964
robustness,outcome_flip|fedavg,cox,2,survival,2sri,0.20582121784551743,c_index,0.5829546609878544,0.0,0.0,,,inf,inf,2,6.749925374984741,0.28333256214266167
robustness,outcome_flip|fedavg,cox,3,survival,2sri,0.17858797334984816,c_index,0.544512501275051,0.0,0.0,,,inf,inf,2,6.704573631286621,0.277575698754787
robustness,outcome_flip|fedavg,cox,4,survival,2sri,0.17386365738314813,c_index,0.49917928921881904,0.0,0.0,,,inf,inf,2,6.58032751083374,0.31106439519028795
robustness,outcome_flip|fedavg_registered,cox,0,survival,2sri,0.28683896281781807,c_index,0.6072906200279349,0.0,0.0,,,inf,inf,2,7.145217180252075,0.28449668919345394
robustness,outcome_flip|fedavg_registered,cox,1,survival,2sri,0.10478179677717667,c_index,0.4805527476057683,0.0,0.0,,,inf,inf,2,7.767532587051392,0.3304203523180964
robustness,outcome_flip|fedavg_registered,cox,2,survival,2sri,0.20582121784551743,c_index,0.5829546609878544,0.0,0.0,,,inf,inf,2,6.743736505508423,0.28333256214266167
robustness,outcome_flip|fedavg_registered,cox,3,survival,2sri,0.17858797334984816,c_index,0.544512501275051,0.0,0.0,,,inf,inf,2,7.146509647369385,0.277575698754787
robustness,outcome_flip|fedavg_registered,cox,4,survival,2sri,0.17386365738314813,c_index,0.49917928921881904,0.0,0.0,,,inf,inf,2,7.053663730621338,0.31106439519028795
robustness,outcome_flip|norm_bound,cox,0,survival,2sri,0.1352179243887943,c_index,0.6077614967757109,1.0,0.375,,,inf,inf,2,7.863877296447754,0.13225051104336288
robustness,outcome_flip|norm_bound,cox,1,survival,2sri,0.14682082574472344,c_index,0.5971269707769377,0.8,0.425,,,inf,inf,2,6.533733367919922,0.08354194898300286
robustness,outcome_flip|norm_bound,cox,2,survival,2sri,0.04347857069773085,c_index,0.6075059159603824,0.8,0.425,,,inf,inf,2,7.155458211898804,0.10902161410811706
robustness,outcome_flip|norm_bound,cox,3,survival,2sri,0.012143044518432353,c_index,0.6054190883172632,0.8,0.425,,,inf,inf,2,6.224007606506348,0.10476251383562776
robustness,outcome_flip|norm_bound,cox,4,survival,2sri,0.4475024936503307,c_index,0.5798600537986125,0.8,0.425,,,inf,inf,2,6.125517845153809,0.04361234426714471
robustness,outcome_flip|median,cox,0,survival,2sri,0.069498820019218,c_index,0.6077874751776216,1.0,0.325,,,inf,inf,2,6.694432020187378,0.06726050936318852
robustness,outcome_flip|median,cox,1,survival,2sri,0.22667651130889058,c_index,0.6004404702648642,1.0,0.525,,,inf,inf,2,6.703742980957031,0.028106013007601256
robustness,outcome_flip|median,cox,2,survival,2sri,0.10350721210579562,c_index,0.6081925102672654,1.0,0.35,,,inf,inf,2,6.969511270523071,0.040717107504192274
robustness,outcome_flip|median,cox,3,survival,2sri,0.10628895412881771,c_index,0.6078352382947486,1.0,0.45,,,inf,inf,2,7.080752372741699,0.01572713073016581
robustness,outcome_flip|median,cox,4,survival,2sri,0.5949003280616841,c_index,0.5858202743512363,0.8,0.425,,,inf,inf,2,6.843100070953369,0.115468915450127
robustness,outcome_flip|trimmed_mean,cox,0,survival,2sri,0.03405301068416188,c_index,0.6077115901823849,1.0,0.0,,,inf,inf,2,7.219081401824951,0.03543217686752894
robustness,outcome_flip|trimmed_mean,cox,1,survival,2sri,0.2766868083549775,c_index,0.6004971780772077,1.0,0.0,,,inf,inf,2,7.725464344024658,0.055014890105235546
robustness,outcome_flip|trimmed_mean,cox,2,survival,2sri,0.11697221601988958,c_index,0.608525225558644,1.0,0.0,,,inf,inf,2,6.718237400054932,0.0447944027331446
robustness,outcome_flip|trimmed_mean,cox,3,survival,2sri,0.11152779797302172,c_index,0.6082694600570935,1.0,0.0,,,inf,inf,2,6.5845160484313965,0.015185159015655059
robustness,outcome_flip|trimmed_mean,cox,4,survival,2sri,0.6278605545068668,c_index,0.589039943907827,0.9,0.0,,,inf,inf,2,6.843124628067017,0.14954562254337958
robustness,outcome_flip|krum,cox,0,survival,2sri,0.11684168237970034,c_index,0.6075775394092626,1.0,0.875,,,inf,inf,2,6.050222396850586,0.12580205671531383
robustness,outcome_flip|krum,cox,1,survival,2sri,0.43783836155159656,c_index,0.5965839486434088,1.0,0.875,,,inf,inf,2,6.119182825088501,0.25242831071956584
robustness,outcome_flip|krum,cox,2,survival,2sri,0.2917808961543515,c_index,0.6081972017970845,1.0,0.875,,,inf,inf,2,6.841848850250244,0.22508489816589838
robustness,outcome_flip|krum,cox,3,survival,2sri,0.27570841051968265,c_index,0.6088124517928523,1.0,0.875,,,inf,inf,2,6.506144285202026,0.18320454543306453
robustness,outcome_flip|krum,cox,4,survival,2sri,0.7810681065593761,c_index,0.5876534953546403,1.0,0.875,,,inf,inf,2,6.20789098739624,0.3341712370883789
robustness,outcome_flip|multi_krum,cox,0,survival,2sri,0.015892348856829146,c_index,0.607724308086663,1.0,0.0,,,inf,inf,2,5.383239984512329,0.018208954058853012
robustness,outcome_flip|multi_krum,cox,1,survival,2sri,0.24213332661373985,c_index,0.6052375140248543,1.0,0.0,,,inf,inf,2,5.443293333053589,0.028380459818278844
robustness,outcome_flip|multi_krum,cox,2,survival,2sri,0.10345636236892095,c_index,0.6089674378761315,1.0,0.0,,,inf,inf,2,4.596184730529785,0.02796084691844225
robustness,outcome_flip|multi_krum,cox,3,survival,2sri,0.08343176489151333,c_index,0.6106047750720315,1.0,0.0,,,inf,inf,2,5.113216876983643,0.017865285476626334
robustness,outcome_flip|multi_krum,cox,4,survival,2sri,0.5353339737360931,c_index,0.6010066156049442,1.0,0.0,,,inf,inf,2,6.191730499267578,0.05462580950438765
robustness,outcome_flip|geometric_median,cox,0,survival,2sri,0.10612800455330919,c_index,0.6076466796068206,1.0,0.0,,,inf,inf,2,4.866253137588501,0.10425778448363228
robustness,outcome_flip|geometric_median,cox,1,survival,2sri,0.10346713205109533,c_index,0.6026218172228165,1.0,0.0,,,inf,inf,2,5.037172794342041,0.12642767566714974
robustness,outcome_flip|geometric_median,cox,2,survival,2sri,0.055804151036699286,c_index,0.608610297103556,1.0,0.0,,,inf,inf,2,6.1139702796936035,0.11896034316932179
robustness,outcome_flip|geometric_median,cox,3,survival,2sri,0.036330780170626194,c_index,0.6091500497271015,1.0,0.0,,,inf,inf,2,7.156030893325806,0.13371525485797184
robustness,outcome_flip|geometric_median,cox,4,survival,2sri,0.4141555932027448,c_index,0.5908553415096591,0.5,0.0,,,inf,inf,2,7.445999622344971,0.06883479240880842
robustness,outcome_shuffle|fedavg,cox,0,survival,2sri,0.25043880239216526,c_index,0.6070797113998734,0.0,0.0,,,inf,inf,2,7.385318040847778,0.24758884378948068
robustness,outcome_shuffle|fedavg,cox,1,survival,2sri,0.09074345521927943,c_index,0.6030756131374463,0.0,0.0,,,inf,inf,2,7.5644330978393555,0.1398692811877109
robustness,outcome_shuffle|fedavg,cox,2,survival,2sri,0.1507689326350802,c_index,0.6088158836143822,0.0,0.0,,,inf,inf,2,7.669223308563232,0.2261391328431812
robustness,outcome_shuffle|fedavg,cox,3,survival,2sri,0.07934831020134041,c_index,0.6090819722518401,0.0,0.0,,,inf,inf,2,7.563251972198486,0.17760250657257864
robustness,outcome_shuffle|fedavg,cox,4,survival,2sri,0.43994932184033625,c_index,0.5942271782415917,0.0,0.0,,,inf,inf,2,7.646430015563965,0.0448117688238959
robustness,outcome_shuffle|fedavg_registered,cox,0,survival,2sri,0.25043880239216526,c_index,0.6070797113998734,0.0,0.0,,,inf,inf,2,7.053512334823608,0.24758884378948068
robustness,outcome_shuffle|fedavg_registered,cox,1,survival,2sri,0.09074345521927943,c_index,0.6030756131374463,0.0,0.0,,,inf,inf,2,7.472234487533569,0.1398692811877109
robustness,outcome_shuffle|fedavg_registered,cox,2,survival,2sri,0.1507689326350802,c_index,0.6088158836143822,0.0,0.0,,,inf,inf,2,7.545229434967041,0.2261391328431812
robustness,outcome_shuffle|fedavg_registered,cox,3,survival,2sri,0.07934831020134041,c_index,0.6090819722518401,0.0,0.0,,,inf,inf,2,6.76170015335083,0.17760250657257864
robustness,outcome_shuffle|fedavg_registered,cox,4,survival,2sri,0.43994932184033625,c_index,0.5942271782415917,0.0,0.0,,,inf,inf,2,7.233824968338013,0.0448117688238959
robustness,outcome_shuffle|norm_bound,cox,0,survival,2sri,0.1513653186362925,c_index,0.6075053510225839,0.9,0.4,,,inf,inf,2,7.271847724914551,0.14876024879306018
robustness,outcome_shuffle|norm_bound,cox,1,survival,2sri,0.1959268541636074,c_index,0.60245975708862,0.9,0.4,,,inf,inf,2,7.086217880249023,0.0409749157612531
robustness,outcome_shuffle|norm_bound,cox,2,survival,2sri,0.04702355346247902,c_index,0.6086571139712768,0.8,0.425,,,inf,inf,2,6.2786641120910645,0.09550921558670628
robustness,outcome_shuffle|norm_bound,cox,3,survival,2sri,0.011850449514893944,c_index,0.6089881191641617,0.8,0.425,,,inf,inf,2,6.5767107009887695,0.09069856865313614
robustness,outcome_shuffle|norm_bound,cox,4,survival,2sri,0.5220400578553147,c_index,0.5942470548801888,0.9,0.4,,,inf,inf,2,6.026273965835571,0.04917677747435742
robustness,outcome_shuffle|median,cox,0,survival,2sri,0.07041538112186209,c_index,0.6076681661187667,1.0,0.425,,,inf,inf,2,6.790021896362305,0.07002662269949497
robustness,outcome_shuffle|median,cox,1,survival,2sri,0.23070970310196376,c_index,0.602322058485505,0.8,0.525,,,inf,inf,2,6.937442064285278,0.03511081747435819
robustness,outcome_shuffle|median,cox,2,survival,2sri,0.08997604711085133,c_index,0.6083710555855524,0.8,0.45,,,inf,inf,2,6.309253215789795,0.030263805487106346
robustness,outcome_shuffle|median,cox,3,survival,2sri,0.1238904616157807,c_index,0.6078139455930655,0.7,0.5,,,inf,inf,2,6.905563831329346,0.0366012117588651
robustness,outcome_shuffle|median,cox,4,survival,2sri,0.5379514537721547,c_index,0.593447514131607,0.2,0.475,,,inf,inf,2,6.851607799530029,0.05805733006678664
robustness,outcome_shuffle|trimmed_mean,cox,0,survival,2sri,0.04208139301597134,c_index,0.607779692712252,1.0,0.0,,,inf,inf,2,6.294298887252808,0.04261165178070141
robustness,outcome_shuffle|trimmed_mean,cox,1,survival,2sri,0.274241239657933,c_index,0.601448059604468,0.9,0.05,,,inf,inf,2,6.314090967178345,0.054730491502019266
robustness,outcome_shuffle|trimmed_mean,cox,2,survival,2sri,0.09991920613710349,c_index,0.6085219179793038,1.0,0.0,,,inf,inf,2,6.5942792892456055,0.023975578549115424
robustness,outcome_shuffle|trimmed_mean,cox,3,survival,2sri,0.11716125348135659,c_index,0.6081538851864721,1.0,0.0,,,inf,inf,2,6.491149663925171,0.031426060755357865
robustness,outcome_shuffle|trimmed_mean,cox,4,survival,2sri,0.6107416057704916,c_index,0.5929507626225009,0.6,0.075,,,inf,inf,2,7.163168430328369,0.13368230687608146
robustness,outcome_shuffle|krum,cox,0,survival,2sri,0.11684168237970034,c_index,0.6075775394092626,1.0,0.875,,,inf,inf,2,6.440971374511719,0.12580205671531383
robustness,outcome_shuffle|krum,cox,1,survival,2sri,0.43783836155159656,c_index,0.5965839486434088,1.0,0.875,,,inf,inf,2,6.353926181793213,0.25242831071956584
robustness,outcome_shuffle|krum,cox,2,survival,2sri,0.2917808961543515,c_index,0.6081972017970845,1.0,0.875,,,inf,inf,2,4.916790723800659,0.22508489816589838
robustness,outcome_shuffle|krum,cox,3,survival,2sri,0.27570841051968265,c_index,0.6088124517928523,1.0,0.875,,,inf,inf,2,5.503741264343262,0.18320454543306453
robustness,outcome_shuffle|krum,cox,4,survival,2sri,0.7810681065593761,c_index,0.5876534953546403,1.0,0.875,,,inf,inf,2,5.507697343826294,0.3341712370883789
robustness,outcome_shuffle|multi_krum,cox,0,survival,2sri,0.015892348856829146,c_index,0.607724308086663,1.0,0.0,,,inf,inf,2,6.0311994552612305,0.018208954058853012
robustness,outcome_shuffle|multi_krum,cox,1,survival,2sri,0.24213332661373985,c_index,0.6052375140248543,1.0,0.0,,,inf,inf,2,5.752464532852173,0.028380459818278844
robustness,outcome_shuffle|multi_krum,cox,2,survival,2sri,0.10345636236892095,c_index,0.6089674378761315,1.0,0.0,,,inf,inf,2,5.5047361850738525,0.02796084691844225
robustness,outcome_shuffle|multi_krum,cox,3,survival,2sri,0.08343176489151333,c_index,0.6106047750720315,1.0,0.0,,,inf,inf,2,5.732494115829468,0.017865285476626334
robustness,outcome_shuffle|multi_krum,cox,4,survival,2sri,0.5907923283306535,c_index,0.5996219152882917,0.5,0.125,,,inf,inf,2,5.652985095977783,0.11048019555379351
robustness,outcome_shuffle|geometric_median,cox,0,survival,2sri,0.13491724231339405,c_index,0.607581787682021,0.3,0.0,,,inf,inf,2,6.474671840667725,0.13177501986916246
robustness,outcome_shuffle|geometric_median,cox,1,survival,2sri,0.12819727796851327,c_index,0.6040452404918204,0.0,0.0,,,inf,inf,2,6.018471956253052,0.10348120453962156
robustness,outcome_shuffle|geometric_median,cox,2,survival,2sri,0.06808960333062745,c_index,0.6088533416020455,0.2,0.0,,,inf,inf,2,7.151219606399536,0.12308911704850072
robustness,outcome_shuffle|geometric_median,cox,3,survival,2sri,0.013922791317259008,c_index,0.6099935309932066,0.0,0.0,,,inf,inf,2,6.35673451423645,0.1085812854908386
robustness,outcome_shuffle|geometric_median,cox,4,survival,2sri,0.454681750029147,c_index,0.5947802238738475,0.0,0.0,,,inf,inf,2,6.689849138259888,0.0313867776392078
robustness,flip_inflate|fedavg,cox,0,survival,2sri,0.19647473911897564,c_index,0.6030042718464466,0.0,0.0,,,inf,inf,1,6.793722629547119,0.19325232753992913
robustness,flip_inflate|fedavg,cox,1,survival,2sri,0.05935625024800238,c_index,0.5613449724235346,0.0,0.0,,,inf,inf,1,6.544746398925781,0.18466178036212733
robustness,flip_inflate|fedavg,cox,2,survival,2sri,0.09519229349961789,c_index,0.6027538696196568,0.0,0.0,,,inf,inf,1,6.493125915527344,0.16251174518781156
robustness,flip_inflate|fedavg,cox,3,survival,2sri,0.06138075667065074,c_index,0.5945801641477513,0.0,0.0,,,inf,inf,1,6.3748438358306885,0.15591500251783444
robustness,flip_inflate|fedavg,cox,4,survival,2sri,0.2805998463781966,c_index,0.4920501426606378,0.0,0.0,,,inf,inf,1,6.470556020736694,0.20128529327871625
robustness,flip_inflate|fedavg_registered,cox,0,survival,2sri,0.025616944360733963,c_index,0.6030935544365853,0.0,0.0,,,inf,inf,1,6.25145959854126,0.010104970195602046
robustness,flip_inflate|fedavg_registered,cox,1,survival,2sri,0.21679027365966058,c_index,0.6045324416192809,0.0,0.0,,,inf,inf,1,6.119050979614258,0.0156927578456055
robustness,flip_inflate|fedavg_registered,cox,2,survival,2sri,0.059157005567066996,c_index,0.6060503506655189,0.0,0.0,,,inf,inf,1,6.087915897369385,0.03073277559657463
robustness,flip_inflate|fedavg_registered,cox,3,survival,2sri,0.0815146335037044,c_index,0.6045601377034265,0.0,0.0,,,inf,inf,1,6.125843048095703,0.020271963369390526
robustness,flip_inflate|fedavg_registered,cox,4,survival,2sri,0.46027468689568984,c_index,0.5975638731480085,0.0,0.0,,,inf,inf,1,6.048535108566284,0.022015595522614173
robustness,flip_inflate|norm_bound,cox,0,survival,2sri,0.17207900018042993,c_index,0.603083470706697,0.8,0.4666666666666667,,,inf,inf,1,6.060048341751099,0.1690728551527775
robustness,flip_inflate|norm_bound,cox,1,survival,2sri,0.13381667794034052,c_index,0.587928476871443,0.8,0.4666666666666667,,,inf,inf,1,6.171517610549927,0.09945110904191332
robustness,flip_inflate|norm_bound,cox,2,survival,2sri,0.08950112174933718,c_index,0.6020841569133868,0.6,0.4888888888888889,,,inf,inf,1,6.2343761920928955,0.15292092341454824
robustness,flip_inflate|norm_bound,cox,3,survival,2sri,0.04948944587354336,c_index,0.5940248005159561,0.8,0.4666666666666667,,,inf,inf,1,6.052460670471191,0.14072302154101682
robustness,flip_inflate|norm_bound,cox,4,survival,2sri,0.3290072829093264,c_index,0.505504932600728,0.6,0.4888888888888889,,,inf,inf,1,6.3938398361206055,0.15303220062665757
robustness,flip_inflate|median,cox,0,survival,2sri,0.07982604982197461,c_index,0.6031227319866146,0.0,0.4222222222222222,,,inf,inf,1,6.642647743225098,0.0749912742652315
robustness,flip_inflate|median,cox,1,survival,2sri,0.15223702539613934,c_index,0.6011727405732468,0.6,0.4888888888888889,,,inf,inf,1,6.298975944519043,0.0772361701717201
robustness,flip_inflate|median,cox,2,survival,2sri,0.06346021705222393,c_index,0.6057433856433022,0.2,0.4,,,inf,inf,1,6.779850006103516,0.047020553583745364
robustness,flip_inflate|median,cox,3,survival,2sri,0.08250476007318432,c_index,0.6030765857942686,0.2,0.5555555555555556,,,inf,inf,1,5.948716402053833,0.04229063458532272
robustness,flip_inflate|median,cox,4,survival,2sri,0.4141321526695732,c_index,0.5645417903841035,0.2,0.4222222222222222,,,inf,inf,1,5.880028963088989,0.0694468762662315
robustness,flip_inflate|trimmed_mean,cox,0,survival,2sri,0.02965322689373477,c_index,0.6031320154072115,1.0,0.0,,,inf,inf,1,6.0508973598480225,0.011644027121542406
robustness,flip_inflate|trimmed_mean,cox,1,survival,2sri,0.2410765252093373,c_index,0.6035026601007385,1.0,0.06666666666666667,,,inf,inf,1,6.10856032371521,0.021136791591699886
robustness,flip_inflate|trimmed_mean,cox,2,survival,2sri,0.09014027218195356,c_index,0.6059959828469007,1.0,0.022222222222222223,,,inf,inf,1,6.478440999984741,0.014966673657246457
robustness,flip_inflate|trimmed_mean,cox,3,survival,2sri,0.1171382095703133,c_index,0.6040906938052615,1.0,0.044444444444444446,,,inf,inf,1,6.074002027511597,0.021962606240889318
robustness,flip_inflate|trimmed_mean,cox,4,survival,2sri,0.5234007915352893,c_index,0.5938897138835596,1.0,0.0,,,inf,inf,1,6.141168117523193,0.04967524075631553
robustness,flip_inflate|krum,cox,0,survival,2sri,0.07580043701825011,c_index,0.6031707865652266,1.0,0.8888888888888888,,,inf,inf,1,6.298160076141357,0.08335473648951708
robustness,flip_inflate|krum,cox,1,survival,2sri,0.4363285447450744,c_index,0.6038457824235735,1.0,0.8888888888888888,,,inf,inf,1,6.402082443237305,0.21402395337730146
robustness,flip_inflate|krum,cox,2,survival,2sri,0.2964912048021111,c_index,0.6058755458977721,1.0,0.8888888888888888,,,inf,inf,1,5.833194971084595,0.21635825836150857
robustness,flip_inflate|krum,cox,3,survival,2sri,0.2778649801854972,c_index,0.6032236248918997,1.0,0.8888888888888888,,,inf,inf,1,5.459406137466431,0.19233692925988338
robustness,flip_inflate|krum,cox,4,survival,2sri,0.7836664340949772,c_index,0.5886950299946704,1.0,0.8888888888888888,,,inf,inf,1,4.766508102416992,0.3232326029751495
robustness,flip_inflate|multi_krum,cox,0,survival,2sri,0.02570066613467156,c_index,0.6030011528814712,1.0,0.1111111111111111,,,inf,inf,1,5.365126609802246,0.017842339501401284
robustness,flip_inflate|multi_krum,cox,1,survival,2sri,0.26569969500790325,c_index,0.6046161038466512,1.0,0.1111111111111111,,,inf,inf,1,5.198019742965698,0.040314674212843224
robustness,flip_inflate|multi_krum,cox,2,survival,2sri,0.08127108786582234,c_index,0.606038801633309,1.0,0.1111111111111111,,,inf,inf,1,5.179359197616577,0.01184619931780553
robustness,flip_inflate|multi_krum,cox,3,survival,2sri,0.09639772341278015,c_index,0.6044325010875483,1.0,0.1111111111111111,,,inf,inf,1,5.140522241592407,0.022989468776329965
robustness,flip_inflate|multi_krum,cox,4,survival,2sri,0.5294742745378536,c_index,0.597364136267182,1.0,0.1111111111111111,,,inf,inf,1,4.660220146179199,0.050531797725883856
robustness,flip_inflate|geometric_median,cox,0,survival,2sri,0.12873800333975224,c_index,0.6030612937546965,0.2,0.0,,,inf,inf,1,5.041201829910278,0.12520227918984994
robustness,flip_inflate|geometric_median,cox,1,survival,2sri,0.1286635429148074,c_index,0.5972498581922403,0.2,0.0,,,inf,inf,1,4.496518850326538,0.10703404907735777
robustness,flip_inflate|geometric_median,cox,2,survival,2sri,0.08984434345130764,c_index,0.604818467857252,0.0,0.0,,,inf,inf,1,4.426467418670654,0.14931832830777636
robustness,flip_inflate|geometric_median,cox,3,survival,2sri,0.030436590141874574,c_index,0.6017214236582766,0.2,0.0,,,inf,inf,1,4.269702434539795,0.11260334951139674
robustness,flip_inflate|geometric_median,cox,4,survival,2sri,0.34538791872419894,c_index,0.5493466448536553,0.0,0.0,,,inf,inf,1,3.3541369438171387,0.13679586630446938
robustness,clean,quadratic,0,continuous,2sri,0.029074703250368934,r2,0.13843222570186092,,,,,inf,inf,0,10.39111065864563,0.0
robustness,clean,quadratic,1,continuous,2sri,0.08178262031821838,r2,0.15916016111878328,,,,,inf,inf,0,9.970167636871338,0.0
robustness,clean,quadratic,2,continuous,2sri,0.02135519930959717,r2,0.16208156963565534,,,,,inf,inf,0,9.960270166397095,0.0
robustness,clean,quadratic,3,continuous,2sri,0.029806053335993534,r2,0.16577989654408856,,,,,inf,inf,0,9.736427545547485,0.0
robustness,clean,quadratic,4,continuous,2sri,0.22757022429841003,r2,0.15422802671186842,,,,,inf,inf,0,9.75204873085022,0.0
robustness,no_attack|fedavg,quadratic,0,continuous,2sri,0.029074703250368934,r2,0.13843222570186092,,,,,inf,inf,0,10.04120397567749,0.0
robustness,no_attack|fedavg,quadratic,1,continuous,2sri,0.08178262031821838,r2,0.15916016111878328,,,,,inf,inf,0,9.714096784591675,0.0
robustness,no_attack|fedavg,quadratic,2,continuous,2sri,0.02135519930959717,r2,0.16208156963565534,,,,,inf,inf,0,10.883537292480469,0.0
robustness,no_attack|fedavg,quadratic,3,continuous,2sri,0.029806053335993534,r2,0.16577989654408856,,,,,inf,inf,0,9.738264322280884,0.0
robustness,no_attack|fedavg,quadratic,4,continuous,2sri,0.22757022429841003,r2,0.15422802671186842,,,,,inf,inf,0,5.891576051712036,0.0
robustness,no_attack|fedavg_registered,quadratic,0,continuous,2sri,0.02907470372537863,r2,0.13843220419430682,,,,,inf,inf,0,6.051150321960449,4.991224452401635e-08
robustness,no_attack|fedavg_registered,quadratic,1,continuous,2sri,0.08179057841107565,r2,0.15916030731508665,,,,,inf,inf,0,5.739890098571777,4.9292911533476726e-05
robustness,no_attack|fedavg_registered,quadratic,2,continuous,2sri,0.0213552137107028,r2,0.1620815797416145,,,,,inf,inf,0,5.702570676803589,3.992915983856039e-08
robustness,no_attack|fedavg_registered,quadratic,3,continuous,2sri,0.029957897690564558,r2,0.1659717008737364,,,,,inf,inf,0,5.004140853881836,0.010026527177070855
robustness,no_attack|fedavg_registered,quadratic,4,continuous,2sri,0.23076706073456493,r2,0.1542278229353512,,,,,inf,inf,0,4.7436981201171875,0.0053377740642567215
robustness,no_attack|norm_bound,quadratic,0,continuous,2sri,0.02505331331605929,r2,0.1382226563106789,,,,,inf,inf,0,7.008610725402832,0.0072227602480185085
robustness,no_attack|norm_bound,quadratic,1,continuous,2sri,0.11396330788446539,r2,0.1587254092503518,,,,,inf,inf,0,5.272371292114258,0.033792526313560195
robustness,no_attack|norm_bound,quadratic,2,continuous,2sri,0.0369610960527174,r2,0.16161585880377488,,,,,inf,inf,0,6.064679861068726,0.020347810720925234
robustness,no_attack|norm_bound,quadratic,3,continuous,2sri,0.06429542404397402,r2,0.16600537476640234,,,,,inf,inf,0,6.596078395843506,0.04157151332722378
robustness,no_attack|norm_bound,quadratic,4,continuous,2sri,0.32391824991444296,r2,0.1519602457743474,,,,,inf,inf,0,6.38163948059082,0.09851387665677952
robustness,no_attack|median,quadratic,0,continuous,2sri,0.01674757452942323,r2,0.1380276425292273,,,,,inf,inf,0,9.005592823028564,0.015061590276204918
robustness,no_attack|median,quadratic,1,continuous,2sri,0.14740717609555457,r2,0.1586056390206847,,,,,inf,inf,0,5.7416832447052,0.06678036192000308
robustness,no_attack|median,quadratic,2,continuous,2sri,0.033693310028219896,r2,0.16211770611627305,,,,,inf,inf,0,6.2197747230529785,0.017909364971345786
robustness,no_attack|median,quadratic,3,continuous,2sri,0.07619060303390408,r2,0.16605628976009104,,,,,inf,inf,0,6.460380792617798,0.05588593421933211
robustness,no_attack|median,quadratic,4,continuous,2sri,0.30102711867706927,r2,0.15236818963727078,,,,,inf,inf,0,7.296645402908325,0.07399787978241351
robustness,no_attack|trimmed_mean,quadratic,0,continuous,2sri,0.02568997528019592,r2,0.13750535143359974,,,,,inf,inf,0,9.126527786254883,0.008361800842239628
robustness,no_attack|trimmed_mean,quadratic,1,continuous,2sri,0.14828650533159382,r2,0.15890822935531926,,,,,inf,inf,0,8.515279054641724,0.06788748998540776
robustness,no_attack|trimmed_mean,quadratic,2,continuous,2sri,0.039417742297650396,r2,0.1617220355196606,,,,,inf,inf,0,9.962421894073486,0.025246852576927468
robustness,no_attack|trimmed_mean,quadratic,3,continuous,2sri,0.08644249010232495,r2,0.1662124134407841,,,,,inf,inf,0,11.429360151290894,0.06557938988583517
robustness,no_attack|trimmed_mean,quadratic,4,continuous,2sri,0.3425822089803689,r2,0.15125456199450785,,,,,inf,inf,0,10.177367687225342,0.1175671867441293
robustness,no_attack|krum,quadratic,0,continuous,2sri,0.11887628178916869,r2,0.12514145831981435,,,,,inf,inf,0,6.3302576541900635,0.11273235792233352
robustness,no_attack|krum,quadratic,1,continuous,2sri,0.30161784651256685,r2,0.15356274917499058,,,,,inf,inf,0,7.443902015686035,0.22593870815727574
robustness,no_attack|krum,quadratic,2,continuous,2sri,0.09425570586698881,r2,0.15131852217271655,,,,,inf,inf,0,7.462444067001343,0.07978890238566695
robustness,no_attack|krum,quadratic,3,continuous,2sri,0.20218215957051844,r2,0.15699434172425855,,,,,inf,inf,0,6.60498309135437,0.1816826386944899
robustness,no_attack|krum,quadratic,4,continuous,2sri,0.38992104905161384,r2,0.1438270730985678,,,,,inf,inf,0,7.2741594314575195,0.17462042203352565
robustness,no_attack|multi_krum,quadratic,0,continuous,2sri,0.01966451720032372,r2,0.13798349486800074,,,,,inf,inf,0,4.933436393737793,0.014458091358395491
robustness,no_attack|multi_krum,quadratic,1,continuous,2sri,0.11649803769882845,r2,0.15700772849235742,,,,,inf,inf,0,4.920863389968872,0.03651571528472573
robustness,no_attack|multi_krum,quadratic,2,continuous,2sri,0.04399093640815075,r2,0.16177411594853844,,,,,inf,inf,0,5.353331089019775,0.03384532964428397
robustness,no_attack|multi_krum,quadratic,3,continuous,2sri,0.1121473328638912,r2,0.1665469366790872,,,,,inf,inf,0,4.727479696273804,0.08793780137742968
robustness,no_attack|multi_krum,quadratic,4,continuous,2sri,0.35469243888980645,r2,0.15100805252620395,,,,,inf,inf,0,6.960433721542358,0.129639744955893
robustness,no_attack|geometric_median,quadratic,0,continuous,2sri,0.02718789116608258,r2,0.13816657777109412,,,,,inf,inf,0,8.624634027481079,0.006615112699696659
robustness,no_attack|geometric_median,quadratic,1,continuous,2sri,0.08824598069194556,r2,0.15880429232404472,,,,,inf,inf,0,7.976664781570435,0.007792955507392484
robustness,no_attack|geometric_median,quadratic,2,continuous,2sri,0.026431234146956733,r2,0.16202385945873363,,,,,inf,inf,0,8.874037981033325,0.011367101585861449
robustness,no_attack|geometric_median,quadratic,3,continuous,2sri,0.03945680484636994,r2,0.16626808089672698,,,,,inf,inf,0,7.635729551315308,0.014690515051934987
robustness,no_attack|geometric_median,quadratic,4,continuous,2sri,0.22973777239892287,r2,0.15424757837957684,,,,,inf,inf,0,9.154407024383545,0.0072591799848475665
robustness,sign_flip|fedavg,quadratic,0,continuous,2sri,126.72208095031709,r2,-47966.42477495909,0.0,0.0,,,inf,inf,1,6.211668491363525,126.73963855217214
robustness,sign_flip|fedavg,quadratic,1,continuous,2sri,198.34853263332985,r2,-25568.984657153575,0.0,0.0,,,inf,inf,1,7.0647361278533936,198.42549190444174
robustness,sign_flip|fedavg,quadratic,2,continuous,2sri,204.52089835758488,r2,-33091.930885374044,0.0,0.0,,,inf,inf,1,6.260194778442383,204.53181303168728
robustness,sign_flip|fedavg,quadratic,3,continuous,2sri,208.56369247795777,r2,-68329.65410529188,0.0,0.0,,,inf,inf,1,5.578505516052246,208.5867061735559
robustness,sign_flip|fedavg,quadratic,4,continuous,2sri,356.01729703254756,r2,-211745.53916734862,0.0,0.0,,,inf,inf,1,5.796814918518066,356.23176314721627
robustness,sign_flip|fedavg_registered,quadratic,0,continuous,2sri,126.72208095031709,r2,-47966.42477495909,0.0,0.0,,,inf,inf,1,5.869739055633545,126.73963855217214
robustness,sign_flip|fedavg_registered,quadratic,1,continuous,2sri,198.34853263332985,r2,-25568.984657153575,0.0,0.0,,,inf,inf,1,5.888129234313965,198.42549190444174
robustness,sign_flip|fedavg_registered,quadratic,2,continuous,2sri,204.52089835758488,r2,-33091.930885374044,0.0,0.0,,,inf,inf,1,5.2312071323394775,204.53181303168728
robustness,sign_flip|fedavg_registered,quadratic,3,continuous,2sri,208.56369247795777,r2,-68329.65410529188,0.0,0.0,,,inf,inf,1,5.760629653930664,208.5867061735559
robustness,sign_flip|fedavg_registered,quadratic,4,continuous,2sri,356.01729703254756,r2,-211745.53916734862,0.0,0.0,,,inf,inf,1,5.813662528991699,356.23176314721627
robustness,sign_flip|norm_bound,quadratic,0,continuous,2sri,0.03490023161408337,r2,0.13682567178390095,1.0,0.4444444444444444,,,inf,inf,1,5.348759651184082,0.026952069783728015
robustness,sign_flip|norm_bound,quadratic,1,continuous,2sri,0.3156940302282607,r2,0.15225044455738967,1.0,0.4444444444444444,,,inf,inf,1,4.81093168258667,0.2357272510145131
robustness,sign_flip|norm_bound,quadratic,2,continuous,2sri,0.10990885574487169,r2,0.16430326213097868,1.0,0.4444444444444444,,,inf,inf,1,5.6742963790893555,0.09345688528679029
robustness,sign_flip|norm_bound,quadratic,3,continuous,2sri,0.21680998004122948,r2,0.1687622151021026,1.0,0.4444444444444444,,,inf,inf,1,6.522182941436768,0.19687669428621998
robustness,sign_flip|norm_bound,quadratic,4,continuous,2sri,0.59941194105951,r2,0.1377910953886965,1.0,0.4444444444444444,,,inf,inf,1,6.163004159927368,0.3747735090522439
robustness,sign_flip|median,quadratic,0,continuous,2sri,0.03053916760561393,r2,0.13719219734157548,1.0,0.5111111111111111,,,inf,inf,1,4.363145351409912,0.03707116280204637
robustness,sign_flip|median,quadratic,1,continuous,2sri,0.18493307608851337,r2,0.15556798250507406,1.0,0.4888888888888889,,,inf,inf,1,4.55587363243103,0.10625834959847716
robustness,sign_flip|median,quadratic,2,continuous,2sri,0.06337613210571687,r2,0.1646025321812689,1.0,0.37777777777777777,,,inf,inf,1,5.777127504348755,0.04951085206104922
robustness,sign_flip|median,quadratic,3,continuous,2sri,0.15885528168458676,r2,0.16906355562850028,1.0,0.4666666666666667,,,inf,inf,1,4.287960052490234,0.13908966851901314
robustness,sign_flip|median,quadratic,4,continuous,2sri,0.43164963811745705,r2,0.14774862898547203,1.0,0.4222222222222222,,,inf,inf,1,4.754873514175415,0.20750515833078553
robustness,sign_flip|trimmed_mean,quadratic,0,continuous,2sri,0.03142692008451064,r2,0.13632972566924062,1.0,0.08888888888888889,,,inf,inf,1,6.529192209243774,0.03273651586034591
robustness,sign_flip|trimmed_mean,quadratic,1,continuous,2sri,0.21916158676030106,r2,0.1556765557180905,1.0,0.15555555555555556,,,inf,inf,1,6.721500873565674,0.13942717484091577
robustness,sign_flip|trimmed_mean,quadratic,2,continuous,2sri,0.06726921542659707,r2,0.16473603260952852,1.0,0.06666666666666667,,,inf,inf,1,6.947094678878784,0.05294206180514519
robustness,sign_flip|trimmed_mean,quadratic,3,continuous,2sri,0.16743634619253137,r2,0.1692627550537184,1.0,0.06666666666666667,,,inf,inf,1,6.700429439544678,0.14824778116172835
robustness,sign_flip|trimmed_mean,quadratic,4,continuous,2sri,0.490721294472237,r2,0.1451964585298537,1.0,0.08888888888888889,,,inf,inf,1,6.117781162261963,0.2666785925050632
robustness,sign_flip|krum,quadratic,0,continuous,2sri,0.11887628178916869,r2,0.12420960581504249,1.0,0.8888888888888888,,,inf,inf,1,5.870574474334717,0.11273235792233352
robustness,sign_flip|krum,quadratic,1,continuous,2sri,0.34277544878763283,r2,0.15139214997725992,1.0,0.8888888888888888,,,inf,inf,1,6.117205381393433,0.2670510213883887
robustness,sign_flip|krum,quadratic,2,continuous,2sri,0.05608645179370402,r2,0.15924214739911355,1.0,0.8888888888888888,,,inf,inf,1,5.8835532665252686,0.041515862860144886
robustness,sign_flip|krum,quadratic,3,continuous,2sri,0.27237117194598487,r2,0.1661664102419568,1.0,0.8888888888888888,,,inf,inf,1,6.49068284034729,0.24909465100119305
robustness,sign_flip|krum,quadratic,4,continuous,2sri,0.46710201558053727,r2,0.1438098695196223,1.0,0.8888888888888888,,,inf,inf,1,5.7346649169921875,0.24228467984846255
robustness,sign_flip|multi_krum,quadratic,0,continuous,2sri,0.02120245841909022,r2,0.13720329919930563,1.0,0.1111111111111111,,,inf,inf,1,7.054893732070923,0.02069464389353587
robustness,sign_flip|multi_krum,quadratic,1,continuous,2sri,0.13786828552774982,r2,0.1552970331351222,1.0,0.1111111111111111,,,inf,inf,1,6.64193320274353,0.059828749493957396
robustness,sign_flip|multi_krum,quadratic,2,continuous,2sri,0.054473068173875976,r2,0.16506419524558563,1.0,0.1111111111111111,,,inf,inf,1,6.276571989059448,0.03536509353297946
robustness,sign_flip|multi_krum,quadratic,3,continuous,2sri,0.09671817645851925,r2,0.16990938150225865,1.0,0.1111111111111111,,,inf,inf,1,7.381781339645386,0.07317372106032757
robustness,sign_flip|multi_krum,quadratic,4,continuous,2sri,0.38884506049036044,r2,0.14931865527990143,1.0,0.1111111111111111,,,inf,inf,1,6.759685516357422,0.16574417814916834
robustness,sign_flip|geometric_median,quadratic,0,continuous,2sri,0.023058809153271465,r2,0.13667055824969676,1.0,0.0,,,inf,inf,1,7.226699590682983,0.027591821896802437
robustness,sign_flip|geometric_median,quadratic,1,continuous,2sri,0.1932150635642652,r2,0.15614170689954823,1.0,0.0,,,inf,inf,1,7.116805791854858,0.11320229880292028
robustness,sign_flip|geometric_median,quadratic,2,continuous,2sri,0.050345022016623074,r2,0.16424554151976228,1.0,0.0,,,inf,inf,1,6.774270057678223,0.03446642930328321
robustness,sign_flip|geometric_median,quadratic,3,continuous,2sri,0.11476903690343068,r2,0.16944177270390853,1.0,0.0,,,inf,inf,1,6.571273326873779,0.09471561030687517
robustness,sign_flip|geometric_median,quadratic,4,continuous,2sri,0.3950094790758836,r2,0.149280614021757,1.0,0.0,,,inf,inf,1,7.055575132369995,0.17135917851549873
robustness,scale|fedavg,quadratic,0,continuous,2sri,0.7262831982302935,r2,-0.18910203245384605,0.0,0.0,,,inf,inf,1,6.225632190704346,0.7105796057638768
robustness,scale|fedavg,quadratic,1,continuous,2sri,1.9977248642594803,r2,-3.196699481835082,0.0,0.0,,,inf,inf,1,6.27730131149292,1.9356587939827516
robustness,scale|fedavg,quadratic,2,continuous,2sri,1.489141803793493,r2,-1.9684534213351734,0.0,0.0,,,inf,inf,1,5.5608086585998535,1.4759222104595857
robustness,scale|fedavg,quadratic,3,continuous,2sri,1.2527728815854031,r2,-1.0402433303556218,0.0,0.0,,,inf,inf,1,6.286444187164307,1.231267010675904
robustness,scale|fedavg,quadratic,4,continuous,2sri,0.9644201924512836,r2,-0.3672424429827418,0.0,0.0,,,inf,inf,1,6.408055782318115,0.8182453335795303
robustness,scale|fedavg_registered,quadratic,0,continuous,2sri,0.7262831982302935,r2,-0.18910203245384605,0.0,0.0,,,inf,inf,1,4.711122751235962,0.7105796057638768
robustness,scale|fedavg_registered,quadratic,1,continuous,2sri,1.9977248642594803,r2,-3.196699481835082,0.0,0.0,,,inf,inf,1,4.69197940826416,1.9356587939827516
robustness,scale|fedavg_registered,quadratic,2,continuous,2sri,1.489141803793493,r2,-1.9684534213351734,0.0,0.0,,,inf,inf,1,4.894694566726685,1.4759222104595857
robustness,scale|fedavg_registered,quadratic,3,continuous,2sri,1.2527728815854031,r2,-1.0402433303556218,0.0,0.0,,,inf,inf,1,4.730873346328735,1.231267010675904
robustness,scale|fedavg_registered,quadratic,4,continuous,2sri,0.9644201924512836,r2,-0.3672424429827418,0.0,0.0,,,inf,inf,1,6.032087564468384,0.8182453335795303
robustness,scale|norm_bound,quadratic,0,continuous,2sri,0.025479822764160446,r2,0.13675973984431647,1.0,0.4444444444444444,,,inf,inf,1,6.259865999221802,0.006854138390557246
robustness,scale|norm_bound,quadratic,1,continuous,2sri,0.11396330788446539,r2,0.1573435163862121,1.0,0.4444444444444444,,,inf,inf,1,5.689640760421753,0.033792526313560195
robustness,scale|norm_bound,quadratic,2,continuous,2sri,0.0369610960527174,r2,0.1650375623034442,1.0,0.4444444444444444,,,inf,inf,1,5.708354473114014,0.020347810720925234
robustness,scale|norm_bound,quadratic,3,continuous,2sri,0.06429542404397402,r2,0.1692661630801665,1.0,0.4444444444444444,,,inf,inf,1,7.400683879852295,0.04157151332722378
robustness,scale|norm_bound,quadratic,4,continuous,2sri,0.32391824991444296,r2,0.15210294212985412,1.0,0.4444444444444444,,,inf,inf,1,6.340135812759399,0.09851387665677952
robustness,scale|median,quadratic,0,continuous,2sri,0.03024010235396218,r2,0.13559971917085284,1.0,0.5111111111111111,,,inf,inf,1,6.115340232849121,0.02291558139004439
robustness,scale|median,quadratic,1,continuous,2sri,0.12751430942816425,r2,0.15707267311447895,1.0,0.5333333333333333,,,inf,inf,1,7.257112503051758,0.04734107164215324
robustness,scale|median,quadratic,2,continuous,2sri,0.030275514769412232,r2,0.16552008545860458,1.0,0.5111111111111111,,,inf,inf,1,5.801044940948486,0.023604905252877558
robustness,scale|median,quadratic,3,continuous,2sri,0.07065853313337875,r2,0.1694828165143289,1.0,0.4444444444444444,,,inf,inf,1,5.662990570068359,0.046830560153049657
robustness,scale|median,quadratic,4,continuous,2sri,0.2941732534017856,r2,0.15310712649532174,1.0,0.4666666666666667,,,inf,inf,1,6.906377792358398,0.06765438999896792
robustness,scale|trimmed_mean,quadratic,0,continuous,2sri,0.029615257545269686,r2,0.13594857393817303,1.0,0.08888888888888889,,,inf,inf,1,6.035733938217163,0.012720863764184744
robustness,scale|trimmed_mean,quadratic,1,continuous,2sri,0.13810183483796132,r2,0.15756473121133188,1.0,0.17777777777777778,,,inf,inf,1,6.248399257659912,0.05858201363031139
robustness,scale|trimmed_mean,quadratic,2,continuous,2sri,0.04665791195788765,r2,0.16485288056010955,1.0,0.1111111111111111,,,inf,inf,1,6.350802421569824,0.033379232367307374
robustness,scale|trimmed_mean,quadratic,3,continuous,2sri,0.09071897809323294,r2,0.16969724011043993,1.0,0.06666666666666667,,,inf,inf,1,6.889047861099243,0.06877588533748782
robustness,scale|trimmed_mean,quadratic,4,continuous,2sri,0.34235104355988333,r2,0.1513959945841558,1.0,0.1111111111111111,,,inf,inf,1,7.187747240066528,0.11631747580146864
robustness,scale|krum,quadratic,0,continuous,2sri,0.11887628178916869,r2,0.12420960581504249,1.0,0.8888888888888888,,,inf,inf,1,6.822815895080566,0.11273235792233352
robustness,scale|krum,quadratic,1,continuous,2sri,0.34277544878763283,r2,0.15139214997725992,1.0,0.8888888888888888,,,inf,inf,1,5.622446060180664,0.2670510213883887
robustness,scale|krum,quadratic,2,continuous,2sri,0.05608645179370402,r2,0.15924214739911355,1.0,0.8888888888888888,,,inf,inf,1,5.583611965179443,0.041515862860144886
robustness,scale|krum,quadratic,3,continuous,2sri,0.27237117194598487,r2,0.1661664102419568,1.0,0.8888888888888888,,,inf,inf,1,5.67977499961853,0.24909465100119305
robustness,scale|krum,quadratic,4,continuous,2sri,0.46710201558053727,r2,0.1438098695196223,1.0,0.8888888888888888,,,inf,inf,1,5.3252856731414795,0.24228467984846255
robustness,scale|multi_krum,quadratic,0,continuous,2sri,0.02120245841909022,r2,0.13720329919930563,1.0,0.1111111111111111,,,inf,inf,1,4.547764778137207,0.02069464389353587
robustness,scale|multi_krum,quadratic,1,continuous,2sri,0.13786828552774982,r2,0.1552970331351222,1.0,0.1111111111111111,,,inf,inf,1,4.869003534317017,0.059828749493957396
robustness,scale|multi_krum,quadratic,2,continuous,2sri,0.054473068173875976,r2,0.16506419524558563,1.0,0.1111111111111111,,,inf,inf,1,5.132975816726685,0.03536509353297946
robustness,scale|multi_krum,quadratic,3,continuous,2sri,0.09671817645851925,r2,0.16990938150225865,1.0,0.1111111111111111,,,inf,inf,1,4.971398115158081,0.07317372106032757
robustness,scale|multi_krum,quadratic,4,continuous,2sri,0.38884506049036044,r2,0.14931865527990143,1.0,0.1111111111111111,,,inf,inf,1,4.754613161087036,0.16574417814916834
robustness,scale|geometric_median,quadratic,0,continuous,2sri,0.026040111437234253,r2,0.13679934021428963,1.0,0.0,,,inf,inf,1,4.672239303588867,0.007889120905918654
robustness,scale|geometric_median,quadratic,1,continuous,2sri,0.07774331450617271,r2,0.15772070595948862,1.0,0.0,,,inf,inf,1,4.915542125701904,0.01516318199999967
robustness,scale|geometric_median,quadratic,2,continuous,2sri,0.014318666945726519,r2,0.1649128074146526,1.0,0.0,,,inf,inf,1,4.258005142211914,0.02230949322734171
robustness,scale|geometric_median,quadratic,3,continuous,2sri,0.02622705759123294,r2,0.16872397841356254,1.0,0.0,,,inf,inf,1,4.03997802734375,0.007945791930283252
robustness,scale|geometric_median,quadratic,4,continuous,2sri,0.20316857409471298,r2,0.1550284231678098,1.0,0.0,,,inf,inf,1,4.326385974884033,0.025544635789800665
robustness,gaussian|fedavg,quadratic,0,continuous,2sri,0.04789341410843417,r2,0.1357014198415083,0.0,0.0,,,inf,inf,1,3.373997688293457,0.026093530532501134
robustness,gaussian|fedavg,quadratic,1,continuous,2sri,0.16476928752518488,r2,0.15597218432455062,0.0,0.0,,,inf,inf,1,3.093276023864746,0.08409474686020534
robustness,gaussian|fedavg,quadratic,2,continuous,2sri,0.033295980622432025,r2,0.16303211626171477,0.0,0.0,,,inf,inf,1,3.3276021480560303,0.0284339877038572
robustness,gaussian|fedavg,quadratic,3,continuous,2sri,0.11936710847225514,r2,0.16977189014469146,0.0,0.0,,,inf,inf,1,3.4439022541046143,0.09932080009056497
robustness,gaussian|fedavg,quadratic,4,continuous,2sri,0.4215817514914164,r2,0.14663532619195363,0.0,0.0,,,inf,inf,1,3.400871753692627,0.1978169493175377
robustness,gaussian|fedavg_registered,quadratic,0,continuous,2sri,0.04789341410843417,r2,0.1357014198415083,0.0,0.0,,,inf,inf,1,6.022876024246216,0.026093530532501134
robustness,gaussian|fedavg_registered,quadratic,1,continuous,2sri,0.16476928752518488,r2,0.15597218432455062,0.0,0.0,,,inf,inf,1,5.561970472335815,0.08409474686020534
robustness,gaussian|fedavg_registered,quadratic,2,continuous,2sri,0.033295980622432025,r2,0.16303211626171477,0.0,0.0,,,inf,inf,1,6.042540073394775,0.0284339877038572
robustness,gaussian|fedavg_registered,quadratic,3,continuous,2sri,0.11936710847225514,r2,0.16977189014469146,0.0,0.0,,,inf,inf,1,6.702361822128296,0.09932080009056497
robustness,gaussian|fedavg_registered,quadratic,4,continuous,2sri,0.4215817514914164,r2,0.14663532619195363,0.0,0.0,,,inf,inf,1,6.695447206497192,0.1978169493175377
robustness,gaussian|norm_bound,quadratic,0,continuous,2sri,0.036152576054916154,r2,0.1366002830858121,1.0,0.4444444444444444,,,inf,inf,1,5.953365087509155,0.014176818323876933
robustness,gaussian|norm_bound,quadratic,1,continuous,2sri,0.1992397516290043,r2,0.15614666099178937,1.0,0.4444444444444444,,,inf,inf,1,6.016305923461914,0.11893577249208315
robustness,gaussian|norm_bound,quadratic,2,continuous,2sri,0.056790468262328746,r2,0.1645326728516436,1.0,0.4444444444444444,,,inf,inf,1,6.052626609802246,0.03964161440717247
robustness,gaussian|norm_bound,quadratic,3,continuous,2sri,0.1355808535744747,r2,0.1694358878622143,1.0,0.4444444444444444,,,inf,inf,1,6.128325939178467,0.11639787349638177
robustness,gaussian|norm_bound,quadratic,4,continuous,2sri,0.4838299769440144,r2,0.14551748075708945,1.0,0.4444444444444444,,,inf,inf,1,5.604563236236572,0.25830793804445057
robustness,gaussian|median,quadratic,0,continuous,2sri,0.033237230117913526,r2,0.13715908047415423,1.0,0.4666666666666667,,,inf,inf,1,4.423767566680908,0.023244211265835146
robustness,gaussian|median,quadratic,1,continuous,2sri,0.1754866359051955,r2,0.1552791034596511,1.0,0.4888888888888889,,,inf,inf,1,5.509616851806641,0.09510340895438878
robustness,gaussian|median,quadratic,2,continuous,2sri,0.03779967697153988,r2,0.16485202541392935,1.0,0.4666666666666667,,,inf,inf,1,5.146308898925781,0.022243230745652303
robustness,gaussian|median,quadratic,3,continuous,2sri,0.12736492257525947,r2,0.16902730329011995,1.0,0.4444444444444444,,,inf,inf,1,5.716227769851685,0.10750995582750703
robustness,gaussian|median,quadratic,4,continuous,2sri,0.41695668203947883,r2,0.14691786719877342,1.0,0.4222222222222222,,,inf,inf,1,4.884789228439331,0.19397712520851357
robustness,gaussian|trimmed_mean,quadratic,0,continuous,2sri,0.027935325949356188,r2,0.1361265135084548,1.0,0.08888888888888889,,,inf,inf,1,4.708268404006958,0.02550362265494526
robustness,gaussian|trimmed_mean,quadratic,1,continuous,2sri,0.20441298752691162,r2,0.15559659811296683,1.0,0.13333333333333333,,,inf,inf,1,4.5075767040252686,0.12462502184885557
robustness,gaussian|trimmed_mean,quadratic,2,continuous,2sri,0.06709334650751023,r2,0.16502001775917427,1.0,0.1111111111111111,,,inf,inf,1,5.241426229476929,0.0508046345332349
robustness,gaussian|trimmed_mean,quadratic,3,continuous,2sri,0.152875662352983,r2,0.16961256317017967,1.0,0.08888888888888889,,,inf,inf,1,4.643540620803833,0.13251493505712472
robustness,gaussian|trimmed_mean,quadratic,4,continuous,2sri,0.4672574040298421,r2,0.14596198415470066,1.0,0.08888888888888889,,,inf,inf,1,5.132638692855835,0.24240175726399507
robustness,gaussian|krum,quadratic,0,continuous,2sri,0.11887628178916869,r2,0.12420960581504249,1.0,0.8888888888888888,,,inf,inf,1,5.157501935958862,0.11273235792233352
robustness,gaussian|krum,quadratic,1,continuous,2sri,0.34277544878763283,r2,0.15139214997725992,1.0,0.8888888888888888,,,inf,inf,1,5.167630195617676,0.2670510213883887
robustness,gaussian|krum,quadratic,2,continuous,2sri,0.05608645179370402,r2,0.15924214739911355,1.0,0.8888888888888888,,,inf,inf,1,5.288008451461792,0.041515862860144886
robustness,gaussian|krum,quadratic,3,continuous,2sri,0.27237117194598487,r2,0.1661664102419568,1.0,0.8888888888888888,,,inf,inf,1,4.675077676773071,0.24909465100119305
robustness,gaussian|krum,quadratic,4,continuous,2sri,0.46710201558053727,r2,0.1438098695196223,1.0,0.8888888888888888,,,inf,inf,1,5.18073844909668,0.24228467984846255
robustness,gaussian|multi_krum,quadratic,0,continuous,2sri,0.02120245841909022,r2,0.13720329919930563,1.0,0.1111111111111111,,,inf,inf,1,4.321848154067993,0.02069464389353587
robustness,gaussian|multi_krum,quadratic,1,continuous,2sri,0.13786828552774982,r2,0.1552970331351222,1.0,0.1111111111111111,,,inf,inf,1,4.43308162689209,0.059828749493957396
robustness,gaussian|multi_krum,quadratic,2,continuous,2sri,0.054473068173875976,r2,0.16506419524558563,1.0,0.1111111111111111,,,inf,inf,1,4.824323892593384,0.03536509353297946
robustness,gaussian|multi_krum,quadratic,3,continuous,2sri,0.09671817645851925,r2,0.16990938150225865,1.0,0.1111111111111111,,,inf,inf,1,4.865654945373535,0.07317372106032757
robustness,gaussian|multi_krum,quadratic,4,continuous,2sri,0.38884506049036044,r2,0.14931865527990143,1.0,0.1111111111111111,,,inf,inf,1,5.147174835205078,0.16574417814916834
robustness,gaussian|geometric_median,quadratic,0,continuous,2sri,0.018304382597634113,r2,0.1368547488416535,1.0,0.0,,,inf,inf,1,3.4714269638061523,0.014271741798893334
robustness,gaussian|geometric_median,quadratic,1,continuous,2sri,0.14080342213158903,r2,0.15704357265710694,1.0,0.0,,,inf,inf,1,3.51835036277771,0.06025225114519336
robustness,gaussian|geometric_median,quadratic,2,continuous,2sri,0.030978339530421062,r2,0.16493614597913675,1.0,0.0,,,inf,inf,1,3.391472816467285,0.01644087008545385
robustness,gaussian|geometric_median,quadratic,3,continuous,2sri,0.08381629371563787,r2,0.1695004126119015,1.0,0.0,,,inf,inf,1,3.7234690189361572,0.062385596238756176
robustness,gaussian|geometric_median,quadratic,4,continuous,2sri,0.308280102847361,r2,0.15216040371287667,1.0,0.0,,,inf,inf,1,3.4459280967712402,0.08362201036870877
robustness,outcome_flip|fedavg,quadratic,0,continuous,2sri,0.34379179792092684,r2,0.06381669831785922,0.0,0.0,,,inf,inf,2,5.115430116653442,0.3577839455583512
robustness,outcome_flip|fedavg,quadratic,1,continuous,2sri,0.28088037343784894,r2,0.021463926024934157,0.0,0.0,,,inf,inf,2,4.459998607635498,0.34025579209305545
robustness,outcome_flip|fedavg,quadratic,2,continuous,2sri,0.3173488643824424,r2,0.06054802633383688,0.0,0.0,,,inf,inf,2,4.838872671127319,0.332648513348118
robustness,outcome_flip|fedavg,quadratic,3,continuous,2sri,0.35902622568251685,r2,0.03693509453280081,0.0,0.0,,,inf,inf,2,4.64457631111145,0.3816087346208339
robustness,outcome_flip|fedavg,quadratic,4,continuous,2sri,0.255828322590772,r2,0.032409958684826885,0.0,0.0,,,inf,inf,2,4.7535400390625,0.34069431627845476
robustness,outcome_flip|fedavg_registered,quadratic,0,continuous,2sri,0.34379179792092684,r2,0.06381669831785922,0.0,0.0,,,inf,inf,2,5.202671766281128,0.3577839455583512
robustness,outcome_flip|fedavg_registered,quadratic,1,continuous,2sri,0.28088037343784894,r2,0.021463926024934157,0.0,0.0,,,inf,inf,2,5.389881610870361,0.34025579209305545
robustness,outcome_flip|fedavg_registered,quadratic,2,continuous,2sri,0.3173488643824424,r2,0.06054802633383688,0.0,0.0,,,inf,inf,2,5.118292331695557,0.332648513348118
robustness,outcome_flip|fedavg_registered,quadratic,3,continuous,2sri,0.35902622568251685,r2,0.03693509453280081,0.0,0.0,,,inf,inf,2,4.945620775222778,0.3816087346208339
robustness,outcome_flip|fedavg_registered,quadratic,4,continuous,2sri,0.255828322590772,r2,0.032409958684826885,0.0,0.0,,,inf,inf,2,5.638452053070068,0.34069431627845476
robustness,outcome_flip|norm_bound,quadratic,0,continuous,2sri,0.23052177857287284,r2,0.09558851463909449,1.0,0.375,,,inf,inf,2,4.944829225540161,0.24009868465196826
robustness,outcome_flip|norm_bound,quadratic,1,continuous,2sri,0.121744079382889,r2,0.11699798915156702,0.9,0.4,,,inf,inf,2,4.773499488830566,0.14160317087031107
robustness,outcome_flip|norm_bound,quadratic,2,continuous,2sri,0.17155097855308873,r2,0.11859073932954967,0.8,0.425,,,inf,inf,2,5.014885663986206,0.18657203771551237
robustness,outcome_flip|norm_bound,quadratic,3,continuous,2sri,0.18234335997556037,r2,0.10877871197015841,0.8,0.425,,,inf,inf,2,5.444401502609253,0.20373656820445207
robustness,outcome_flip|norm_bound,quadratic,4,continuous,2sri,0.2600259617658107,r2,0.09176377644513374,0.8,0.425,,,inf,inf,2,5.923159122467041,0.15682385975147356
robustness,outcome_flip|median,quadratic,0,continuous,2sri,0.06580647944283066,r2,0.14024119217765516,1.0,0.425,,,inf,inf,2,5.010067462921143,0.07142470247238464
robustness,outcome_flip|median,quadratic,1,continuous,2sri,0.14191509354843368,r2,0.15323493440042837,1.0,0.525,,,inf,inf,2,5.2995758056640625,0.06429899283164225
robustness,outcome_flip|median,quadratic,2,continuous,2sri,0.0485044182064479,r2,0.16282398948535556,0.9,0.375,,,inf,inf,2,5.367559909820557,0.05823138110094762
robustness,outcome_flip|median,quadratic,3,continuous,2sri,0.06297682082457692,r2,0.16453184474279534,1.0,0.425,,,inf,inf,2,4.563852548599243,0.06459380954174183
robustness,outcome_flip|median,quadratic,4,continuous,2sri,0.3777928647111712,r2,0.12314886634043827,0.9,0.35,,,inf,inf,2,4.24842643737793,0.16131770849407537
robustness,outcome_flip|trimmed_mean,quadratic,0,continuous,2sri,0.05935282504340178,r2,0.14402642935355073,1.0,0.025,,,inf,inf,2,4.691294193267822,0.059410047295680286
robustness,outcome_flip|trimmed_mean,quadratic,1,continuous,2sri,0.16290745229728573,r2,0.15697401292661925,1.0,0.025,,,inf,inf,2,5.485594987869263,0.08551643347990368
robustness,outcome_flip|trimmed_mean,quadratic,2,continuous,2sri,0.03394560041380918,r2,0.1677087176611079,1.0,0.0,,,inf,inf,2,5.795222282409668,0.03558339524941943
robustness,outcome_flip|trimmed_mean,quadratic,3,continuous,2sri,0.09653828002411348,r2,0.17000173225919188,1.0,0.0,,,inf,inf,2,5.419374942779541,0.08806503234735107
robustness,outcome_flip|trimmed_mean,quadratic,4,continuous,2sri,0.37774930026214043,r2,0.13097507979939965,1.0,0.0,,,inf,inf,2,4.147251844406128,0.1543608615586623
robustness,outcome_flip|krum,quadratic,0,continuous,2sri,0.11887628178916869,r2,0.13795794110725268,1.0,0.875,,,inf,inf,2,4.694540500640869,0.11273235792233352
robustness,outcome_flip|krum,quadratic,1,continuous,2sri,0.34277544878763283,r2,0.15532284261867957,1.0,0.875,,,inf,inf,2,4.875086545944214,0.2670510213883887
robustness,outcome_flip|krum,quadratic,2,continuous,2sri,0.05608645179370402,r2,0.16741564692979186,1.0,0.875,,,inf,inf,2,5.207809209823608,0.041515862860144886
robustness,outcome_flip|krum,quadratic,3,continuous,2sri,0.23162248192018794,r2,0.1729226679486387,1.0,0.875,,,inf,inf,2,4.171221494674683,0.21235198200127006
robustness,outcome_flip|krum,quadratic,4,continuous,2sri,0.4936320370813278,r2,0.1373425929463483,1.0,0.875,,,inf,inf,2,4.631380319595337,0.26850313302040774
robustness,outcome_flip|multi_krum,quadratic,0,continuous,2sri,0.010227623167545611,r2,0.14762888229626386,1.0,0.0,,,inf,inf,2,4.419148921966553,0.02807188140292104
robustness,outcome_flip|multi_krum,quadratic,1,continuous,2sri,0.12237669582186225,r2,0.16229269973893848,1.0,0.0,,,inf,inf,2,4.329391002655029,0.04449786707202033
robustness,outcome_flip|multi_krum,quadratic,2,continuous,2sri,0.0385270531434789,r2,0.17145805252905197,1.0,0.0,,,inf,inf,2,4.598339080810547,0.03489621173453021
robustness,outcome_flip|multi_krum,quadratic,3,continuous,2sri,0.051198561589639924,r2,0.17473453204421432,1.0,0.0,,,inf,inf,2,4.431031942367554,0.048763059415450824
robustness,outcome_flip|multi_krum,quadratic,4,continuous,2sri,0.22894191408203374,r2,0.15330147163912572,1.0,0.0,,,inf,inf,2,4.626978635787964,0.01667117370735962
robustness,outcome_flip|geometric_median,quadratic,0,continuous,2sri,0.16200992209046403,r2,0.12255949725441749,1.0,0.0,,,inf,inf,2,3.7189669609069824,0.1691330260702006
robustness,outcome_flip|geometric_median,quadratic,1,continuous,2sri,0.07851615168628621,r2,0.12178655913009996,1.0,0.0,,,inf,inf,2,3.5537164211273193,0.13832333462012378
robustness,outcome_flip|geometric_median,quadratic,2,continuous,2sri,0.12559434360936783,r2,0.14863532882004496,1.0,0.0,,,inf,inf,2,4.21269965171814,0.13917638712439062
robustness,outcome_flip|geometric_median,quadratic,3,continuous,2sri,0.15422122091584747,r2,0.14015489157667768,1.0,0.0,,,inf,inf,2,4.303192853927612,0.17817222664090088
robustness,outcome_flip|geometric_median,quadratic,4,continuous,2sri,0.18239927241720666,r2,0.12580610105698115,1.0,0.0,,,inf,inf,2,3.795469284057617,0.14965613467534122
robustness,outcome_shuffle|fedavg,quadratic,0,continuous,2sri,0.2746575586445899,r2,0.10764965962439295,0.0,0.0,,,inf,inf,2,5.331403732299805,0.2874527166004686
robustness,outcome_shuffle|fedavg,quadratic,1,continuous,2sri,0.18960484323901416,r2,0.11845934984677613,0.0,0.0,,,inf,inf,2,5.878912687301636,0.25119300560483726
robustness,outcome_shuffle|fedavg,quadratic,2,continuous,2sri,0.25457683984310553,r2,0.11798311604216769,0.0,0.0,,,inf,inf,2,5.235214948654175,0.26966089653808584
robustness,outcome_shuffle|fedavg,quadratic,3,continuous,2sri,0.26071556680491026,r2,0.11423004449688809,0.0,0.0,,,inf,inf,2,5.752161979675293,0.28471215224412305
robustness,outcome_shuffle|fedavg,quadratic,4,continuous,2sri,0.15180976060831985,r2,0.12126576444681948,0.0,0.0,,,inf,inf,2,4.581916093826294,0.22931740946346768
robustness,outcome_shuffle|fedavg_registered,quadratic,0,continuous,2sri,0.2746575586445899,r2,0.10764965962439295,0.0,0.0,,,inf,inf,2,4.637141227722168,0.2874527166004686
robustness,outcome_shuffle|fedavg_registered,quadratic,1,continuous,2sri,0.18960484323901416,r2,0.11845934984677613,0.0,0.0,,,inf,inf,2,4.363483428955078,0.25119300560483726
robustness,outcome_shuffle|fedavg_registered,quadratic,2,continuous,2sri,0.25457683984310553,r2,0.11798311604216769,0.0,0.0,,,inf,inf,2,4.676881313323975,0.26966089653808584
robustness,outcome_shuffle|fedavg_registered,quadratic,3,continuous,2sri,0.26071556680491026,r2,0.11423004449688809,0.0,0.0,,,inf,inf,2,4.258160591125488,0.28471215224412305
robustness,outcome_shuffle|fedavg_registered,quadratic,4,continuous,2sri,0.15180976060831985,r2,0.12126576444681948,0.0,0.0,,,inf,inf,2,5.425961256027222,0.22931740946346768
robustness,outcome_shuffle|norm_bound,quadratic,0,continuous,2sri,0.21929298360010593,r2,0.12192462917795788,0.8,0.425,,,inf,inf,2,4.711508512496948,0.23214386296200495
robustness,outcome_shuffle|norm_bound,quadratic,1,continuous,2sri,0.11110391176331652,r2,0.14159130885958027,0.8,0.425,,,inf,inf,2,5.312737703323364,0.1321981207988213
robustness,outcome_shuffle|norm_bound,quadratic,2,continuous,2sri,0.17317737622554089,r2,0.1383370324730235,0.8,0.425,,,inf,inf,2,5.239975929260254,0.1876070521427002
robustness,outcome_shuffle|norm_bound,quadratic,3,continuous,2sri,0.152880559974255,r2,0.13913039557914678,0.8,0.425,,,inf,inf,2,5.550311088562012,0.1759221920342815
robustness,outcome_shuffle|norm_bound,quadratic,4,continuous,2sri,0.23012096561407475,r2,0.1294825020002171,0.8,0.425,,,inf,inf,2,4.4575793743133545,0.10690404267009937
robustness,outcome_shuffle|median,quadratic,0,continuous,2sri,0.07998029246642097,r2,0.14264008766986466,1.0,0.5,,,inf,inf,2,5.155534029006958,0.09065580157146663
robustness,outcome_shuffle|median,quadratic,1,continuous,2sri,0.12282777491407319,r2,0.15353865085597979,0.8,0.45,,,inf,inf,2,5.105139493942261,0.0552451762282766
robustness,outcome_shuffle|median,quadratic,2,continuous,2sri,0.03809639444321902,r2,0.1683772035461058,0.8,0.45,,,inf,inf,2,5.804630517959595,0.043644000693966005
robustness,outcome_shuffle|median,quadratic,3,continuous,2sri,0.06408114642883889,r2,0.1673343046702803,0.9,0.425,,,inf,inf,2,5.627756595611572,0.07201085307755248
robustness,outcome_shuffle|median,quadratic,4,continuous,2sri,0.23767187621520824,r2,0.1405233621198863,0.6,0.425,,,inf,inf,2,5.369138717651367,0.05170155339863186
robustness,outcome_shuffle|trimmed_mean,quadratic,0,continuous,2sri,0.05478024734311497,r2,0.1453734879267407,1.0,0.025,,,inf,inf,2,4.435802459716797,0.06094743271017845
robustness,outcome_shuffle|trimmed_mean,quadratic,1,continuous,2sri,0.15891198935652162,r2,0.15711059194994476,1.0,0.0,,,inf,inf,2,4.190309762954712,0.08536474288550082
robustness,outcome_shuffle|trimmed_mean,quadratic,2,continuous,2sri,0.04506946923465458,r2,0.16839902014496488,0.9,0.05,,,inf,inf,2,4.724717617034912,0.04800000320527812
robustness,outcome_shuffle|trimmed_mean,quadratic,3,continuous,2sri,0.08041305953486697,r2,0.16802480654282997,1.0,0.0,,,inf,inf,2,4.6349992752075195,0.07899938924397946
robustness,outcome_shuffle|trimmed_mean,quadratic,4,continuous,2sri,0.3257533117120243,r2,0.13867653531824198,0.8,0.05,,,inf,inf,2,4.722100734710693,0.10331137319138829
robustness,outcome_shuffle|krum,quadratic,0,continuous,2sri,0.11887628178916869,r2,0.13795794110725268,1.0,0.875,,,inf,inf,2,4.364620923995972,0.11273235792233352
robustness,outcome_shuffle|krum,quadratic,1,continuous,2sri,0.34277544878763283,r2,0.15532284261867957,1.0,0.875,,,inf,inf,2,4.1513237953186035,0.2670510213883887
robustness,outcome_shuffle|krum,quadratic,2,continuous,2sri,0.05608645179370402,r2,0.16741564692979186,1.0,0.875,,,inf,inf,2,4.475866794586182,0.041515862860144886
robustness,outcome_shuffle|krum,quadratic,3,continuous,2sri,0.23162248192018794,r2,0.1729226679486387,1.0,0.875,,,inf,inf,2,4.827353000640869,0.21235198200127006
robustness,outcome_shuffle|krum,quadratic,4,continuous,2sri,0.4936320370813278,r2,0.1373425929463483,1.0,0.875,,,inf,inf,2,4.378223180770874,0.26850313302040774
robustness,outcome_shuffle|multi_krum,quadratic,0,continuous,2sri,0.010227623167545611,r2,0.14762888229626386,1.0,0.0,,,inf,inf,2,3.487156391143799,0.02807188140292104
robustness,outcome_shuffle|multi_krum,quadratic,1,continuous,2sri,0.12237669582186225,r2,0.16229269973893848,1.0,0.0,,,inf,inf,2,3.9501240253448486,0.04449786707202033
robustness,outcome_shuffle|multi_krum,quadratic,2,continuous,2sri,0.0385270531434789,r2,0.17145805252905197,1.0,0.0,,,inf,inf,2,3.1461713314056396,0.03489621173453021
robustness,outcome_shuffle|multi_krum,quadratic,3,continuous,2sri,0.051198561589639924,r2,0.17473453204421432,1.0,0.0,,,inf,inf,2,4.460190773010254,0.048763059415450824
robustness,outcome_shuffle|multi_krum,quadratic,4,continuous,2sri,0.2824256874869832,r2,0.15186270869830068,0.8,0.05,,,inf,inf,2,4.321252822875977,0.0559214197001187
robustness,outcome_shuffle|geometric_median,quadratic,0,continuous,2sri,0.17164388467110603,r2,0.13326753315759848,0.1,0.0,,,inf,inf,2,4.608821630477905,0.1831401262589342
robustness,outcome_shuffle|geometric_median,quadratic,1,continuous,2sri,0.0876629793610369,r2,0.14638475436259074,0.0,0.0,,,inf,inf,2,4.318061828613281,0.1377072653023548
robustness,outcome_shuffle|geometric_median,quadratic,2,continuous,2sri,0.15230523249417477,r2,0.14776856053799864,0.0,0.0,,,inf,inf,2,4.711503505706787,0.16651605939277025
robustness,outcome_shuffle|geometric_median,quadratic,3,continuous,2sri,0.18799038297218632,r2,0.13869839260444278,0.1,0.0,,,inf,inf,2,4.568405389785767,0.2123212490402615
robustness,outcome_shuffle|geometric_median,quadratic,4,continuous,2sri,0.17913404743635247,r2,0.13850300955899894,0.0,0.0,,,inf,inf,2,4.66559362411499,0.12806596431688336
robustness,flip_inflate|fedavg,quadratic,0,continuous,2sri,0.31243037348877833,r2,0.06528978008051238,0.0,0.0,,,inf,inf,1,4.922208547592163,0.3191622467849313
robustness,flip_inflate|fedavg,quadratic,1,continuous,2sri,0.20603331628203256,r2,0.011471623850112567,0.0,0.0,,,inf,inf,1,6.004577398300171,0.27308274692707224
robustness,flip_inflate|fedavg,quadratic,2,continuous,2sri,0.25672518223239216,r2,0.06528389897805373,0.0,0.0,,,inf,inf,1,5.16274881362915,0.2724433002840767
robustness,flip_inflate|fedavg,quadratic,3,continuous,2sri,0.27056662395827585,r2,0.046745307929900407,0.0,0.0,,,inf,inf,1,4.562993049621582,0.2954132319172718
robustness,flip_inflate|fedavg,quadratic,4,continuous,2sri,0.19024550027336745,r2,0.011295759666802853,0.0,0.0,,,inf,inf,1,5.218459844589233,0.22527935219893971
robustness,flip_inflate|fedavg_registered,quadratic,0,continuous,2sri,0.03513970128134972,r2,0.1400746315205058,0.0,0.0,,,inf,inf,1,4.892529010772705,0.026966444883846235
robustness,flip_inflate|fedavg_registered,quadratic,1,continuous,2sri,0.06748052406926318,r2,0.15670087182870965,0.0,0.0,,,inf,inf,1,4.756048202514648,0.016211243076332274
robustness,flip_inflate|fedavg_registered,quadratic,2,continuous,2sri,0.027283133348970683,r2,0.15913459701019347,0.0,0.0,,,inf,inf,1,4.80880880355835,0.029366013781584613
robustness,flip_inflate|fedavg_registered,quadratic,3,continuous,2sri,0.01780685309579228,r2,0.16256706219725914,0.0,0.0,,,inf,inf,1,4.734317779541016,0.03409063083596779
robustness,flip_inflate|fedavg_registered,quadratic,4,continuous,2sri,0.1974245427749227,r2,0.15592412223155305,0.0,0.0,,,inf,inf,1,4.803250789642334,0.031749721073674075
robustness,flip_inflate|norm_bound,quadratic,0,continuous,2sri,0.28780917506751075,r2,0.0789601587406816,0.8,0.4666666666666667,,,inf,inf,1,4.80476450920105,0.2944207591963957
robustness,flip_inflate|norm_bound,quadratic,1,continuous,2sri,0.13488608014475625,r2,0.0543737671420719,0.8,0.4666666666666667,,,inf,inf,1,4.4492597579956055,0.19557458417167034
robustness,flip_inflate|norm_bound,quadratic,2,continuous,2sri,0.21575769394768848,r2,0.08161550795184018,0.8,0.4666666666666667,,,inf,inf,1,4.172246217727661,0.23128692384694938
robustness,flip_inflate|norm_bound,quadratic,3,continuous,2sri,0.20900530773238704,r2,0.07501794075976959,0.8,0.4666666666666667,,,inf,inf,1,4.7488086223602295,0.23389633581147073
robustness,flip_inflate|norm_bound,quadratic,4,continuous,2sri,0.20375879544723016,r2,0.03484434242971213,0.6,0.4888888888888889,,,inf,inf,1,4.61621880531311,0.17097097919485071
robustness,flip_inflate|median,quadratic,0,continuous,2sri,0.10884122642166041,r2,0.13563059907023817,0.4,0.6444444444444445,,,inf,inf,1,4.398972034454346,0.10660895215022193
robustness,flip_inflate|median,quadratic,1,continuous,2sri,0.062069197595388204,r2,0.13750548170977334,0.2,0.5555555555555556,,,inf,inf,1,4.712006568908691,0.022626183629847255
robustness,flip_inflate|median,quadratic,2,continuous,2sri,0.05377973120460596,r2,0.15101822471685153,0.2,0.6222222222222222,,,inf,inf,1,5.058577537536621,0.06759202909570977
robustness,flip_inflate|median,quadratic,3,continuous,2sri,0.03093318869059329,r2,0.14753099815172685,0.0,0.4,,,inf,inf,1,4.529525279998779,0.05101969576450553
robustness,flip_inflate|median,quadratic,4,continuous,2sri,0.3005707188318785,r2,0.12602813137458785,0.2,0.4666666666666667,,,inf,inf,1,4.996239900588989,0.07864686924295106
robustness,flip_inflate|trimmed_mean,quadratic,0,continuous,2sri,0.04156294103826288,r2,0.1398702038658989,1.0,0.1111111111111111,,,inf,inf,1,4.543200969696045,0.0338784398373173
robustness,flip_inflate|trimmed_mean,quadratic,1,continuous,2sri,0.10349080639597671,r2,0.1566448053389247,1.0,0.15555555555555556,,,inf,inf,1,5.004637241363525,0.022553246739768218
robustness,flip_inflate|trimmed_mean,quadratic,2,continuous,2sri,0.0313083620387048,r2,0.15891790321847546,1.0,0.08888888888888889,,,inf,inf,1,4.035825252532959,0.017646889725264504
robustness,flip_inflate|trimmed_mean,quadratic,3,continuous,2sri,0.041737076921455576,r2,0.16377067521027436,1.0,0.08888888888888889,,,inf,inf,1,4.440533638000488,0.022447806546374252
robustness,flip_inflate|trimmed_mean,quadratic,4,continuous,2sri,0.3155550166769963,r2,0.15299795202076127,1.0,0.022222222222222223,,,inf,inf,1,4.408393621444702,0.08876111185453456
robustness,flip_inflate|krum,quadratic,0,continuous,2sri,0.03206194351079142,r2,0.13590956796662076,1.0,0.8888888888888888,,,inf,inf,1,4.173656225204468,0.053794135037798785
robustness,flip_inflate|krum,quadratic,1,continuous,2sri,0.20556544598495874,r2,0.15624829238096205,1.0,0.8888888888888888,,,inf,inf,1,4.354866027832031,0.12571699494761737
robustness,flip_inflate|krum,quadratic,2,continuous,2sri,0.06900184978135784,r2,0.15170316154709637,1.0,0.8888888888888888,,,inf,inf,1,4.409640550613403,0.054495978683275215
robustness,flip_inflate|krum,quadratic,3,continuous,2sri,0.150023569082109,r2,0.1626777120880169,1.0,0.8888888888888888,,,inf,inf,1,4.925624370574951,0.12555656430830162
robustness,flip_inflate|krum,quadratic,4,continuous,2sri,0.4209524313195172,r2,0.14779538055288682,1.0,0.8888888888888888,,,inf,inf,1,4.811161279678345,0.19594191223164856
robustness,flip_inflate|multi_krum,quadratic,0,continuous,2sri,0.028513821022379142,r2,0.13928223837258807,1.0,0.1111111111111111,,,inf,inf,1,3.527897357940674,0.005771396595699059
robustness,flip_inflate|multi_krum,quadratic,1,continuous,2sri,0.08785969535909464,r2,0.15732552436605157,1.0,0.1111111111111111,,,inf,inf,1,3.8634164333343506,0.012287487661408754
robustness,flip_inflate|multi_krum,quadratic,2,continuous,2sri,0.03792110389096299,r2,0.16008944565725564,1.0,0.1111111111111111,,,inf,inf,1,4.273331165313721,0.02254146039916098
robustness,flip_inflate|multi_krum,quadratic,3,continuous,2sri,0.0700531154277174,r2,0.16486785864065212,1.0,0.1111111111111111,,,inf,inf,1,3.5598316192626953,0.04288899193400843
robustness,flip_inflate|multi_krum,quadratic,4,continuous,2sri,0.2897625759058088,r2,0.1543179905010012,1.0,0.1111111111111111,,,inf,inf,1,3.5692014694213867,0.0641655071022001
robustness,flip_inflate|geometric_median,quadratic,0,continuous,2sri,0.18763742202256403,r2,0.11816431296697494,0.2,0.0,,,inf,inf,1,3.289789915084839,0.19143463858371768
robustness,flip_inflate|geometric_median,quadratic,1,continuous,2sri,0.10843957350158095,r2,0.09156838865515128,0.2,0.0,,,inf,inf,1,4.338319540023804,0.17963444986501378
robustness,flip_inflate|geometric_median,quadratic,2,continuous,2sri,0.15237404310370065,r2,0.1266871454160416,0.0,0.0,,,inf,inf,1,4.192772626876831,0.1680083961502582
robustness,flip_inflate|geometric_median,quadratic,3,continuous,2sri,0.1775143502456538,r2,0.11252692171940958,0.0,0.0,,,inf,inf,1,3.902121067047119,0.20183001524344507
robustness,flip_inflate|geometric_median,quadratic,4,continuous,2sri,0.17338415884756384,r2,0.11630160464402518,0.2,0.0,,,inf,inf,1,4.124939203262329,0.11528421037981837
