site,round,stage,n_train,n_test,loss,c_index,events,fs_r2,xhat_sd
site01,0,global,1140,286,4.867028713226318,0.5677224502439402,174.0,0.1148087987359186,0.3393800258636474
site01,0,local,1140,286,4.85545825958252,0.5667931541857043,174.0,0.1148087987359186,0.3393800258636474
site01,1,global,1140,286,4.859984874725342,0.5667931541857043,174.0,0.1148087987359186,0.3393800258636474
site01,1,local,1140,286,4.856193065643311,0.5667931541857043,174.0,0.1148087987359186,0.3393800258636474
site01,2,global,1140,286,4.86046314239502,0.5667931541857043,174.0,0.1148087987359186,0.3393800258636474
site01,2,local,1140,286,4.857092380523682,0.5667931541857043,174.0,0.1148087987359186,0.3393800258636474
site01,3,global,1140,286,4.860249996185303,0.5667931541857043,174.0,0.1148087987359186,0.3393800258636474
site01,3,local,1140,286,4.857987403869629,0.5667931541857043,174.0,0.1148087987359186,0.3393800258636474
site01,4,global,1140,286,4.860695838928223,0.5667931541857043,174.0,0.1148087987359186,0.3393800258636474
site01,4,local,1140,286,4.860263347625732,0.5667931541857043,174.0,0.1148087987359186,0.3393800258636474
site01,5,global,1140,286,4.860997200012207,0.5667931541857043,174.0,0.1148087987359186,0.3393800258636474
site02,0,global,1888,473,5.4007649421691895,0.5001549295774648,280.0,0.0697191616289116,0.3346657752990722
site02,0,local,1888,473,5.401603221893311,0.5004225352112676,280.0,0.0697191616289116,0.3346657752990722
site02,1,global,1888,473,5.402957916259766,0.5000281690140845,280.0,0.0697191616289116,0.3346657752990722
site02,1,local,1888,473,5.401756763458252,0.5000281690140845,280.0,0.0697191616289116,0.3346657752990722
site02,2,global,1888,473,5.402915000915527,0.5000281690140845,280.0,0.0697191616289116,0.3346657752990722
site02,2,local,1888,473,5.403260231018066,0.5000281690140845,280.0,0.0697191616289116,0.3346657752990722
site02,3,global,1888,473,5.4032063484191895,0.5000281690140845,280.0,0.0697191616289116,0.3346657752990722
site02,3,local,1888,473,5.40458345413208,0.5000281690140845,280.0,0.0697191616289116,0.3346657752990722
site02,4,global,1888,473,5.403291702270508,0.5000281690140845,280.0,0.0697191616289116,0.3346657752990722
site02,4,local,1888,473,5.402721405029297,0.5000281690140845,280.0,0.0697191616289116,0.3346657752990722
site02,5,global,1888,473,5.403494358062744,0.5000281690140845,280.0,0.0697191616289116,0.3346657752990722
site03,0,global,2784,696,5.7095489501953125,0.5447610213807056,422.0,0.0728420454749579,0.2853194773197174
site03,0,local,2784,696,5.7052903175354,0.5449357772266247,422.0,0.0728420454749579,0.2853194773197174
site03,1,global,2784,696,5.705105781555176,0.5449357772266247,422.0,0.0728420454749579,0.2853194773197174
site03,1,local,2784,696,5.705259799957275,0.5449357772266247,422.0,0.0728420454749579,0.2853194773197174
site03,2,global,2784,696,5.705259323120117,0.5449357772266247,422.0,0.0728420454749579,0.2853194773197174
site03,2,local,2784,696,5.705803394317627,0.5449357772266247,422.0,0.0728420454749579,0.2853194773197174
site03,3,global,2784,696,5.705116271972656,0.5449357772266247,422.0,0.0728420454749579,0.2853194773197174
site03,3,local,2784,696,5.706974029541016,0.5449357772266247,422.0,0.0728420454749579,0.2853194773197174
site03,4,global,2784,696,5.705237865447998,0.5449357772266247,422.0,0.0728420454749579,0.2853194773197174
site03,4,local,2784,696,5.704797744750977,0.5449357772266247,422.0,0.0728420454749579,0.2853194773197174
site03,5,global,2784,696,5.705305576324463,0.5449357772266247,422.0,0.0728420454749579,0.2853194773197174
site04,0,global,3644,912,5.989481449127197,0.4945854315583243,556.0,0.102206996217027,0.291800707578659
site04,0,local,3644,912,5.993852138519287,0.4946198705095434,556.0,0.102206996217027,0.291800707578659
site04,1,global,3644,912,5.992549419403076,0.4946198705095434,556.0,0.102206996217027,0.291800707578659
site04,1,local,3644,912,5.993960857391357,0.4946198705095434,556.0,0.102206996217027,0.291800707578659
site04,2,global,3644,912,5.992287635803223,0.4946198705095434,556.0,0.102206996217027,0.291800707578659
site04,2,local,3644,912,5.990373134613037,0.4946198705095434,556.0,0.102206996217027,0.291800707578659
site04,3,global,3644,912,5.99253511428833,0.4946198705095434,556.0,0.102206996217027,0.291800707578659
site04,3,local,3644,912,5.992302417755127,0.4946198705095434,556.0,0.102206996217027,0.291800707578659
site04,4,global,3644,912,5.992292881011963,0.4946198705095434,556.0,0.102206996217027,0.291800707578659
site04,4,local,3644,912,5.993854999542236,0.4946198705095434,556.0,0.102206996217027,0.291800707578659
site04,5,global,3644,912,5.99223518371582,0.4946198705095434,556.0,0.102206996217027,0.291800707578659
site05,0,global,3704,927,5.983583450317383,0.512111359015557,558.0,0.0594327592914366,0.270107090473175
site05,0,local,3704,927,5.98338794708252,0.5107787668572908,558.0,0.0594327592914366,0.270107090473175
site05,1,global,3704,927,5.983277797698975,0.5122408108252172,558.0,0.0594327592914366,0.270107090473175
site05,1,local,3704,927,5.983539581298828,0.5122408108252172,558.0,0.0594327592914366,0.270107090473175
site05,2,global,3704,927,5.983201026916504,0.5122408108252172,558.0,0.0594327592914366,0.270107090473175
site05,2,local,3704,927,5.983250141143799,0.5122408108252172,558.0,0.0594327592914366,0.270107090473175
site05,3,global,3704,927,5.983351230621338,0.5122408108252172,558.0,0.0594327592914366,0.270107090473175
site05,3,local,3704,927,5.983225345611572,0.5122408108252172,558.0,0.0594327592914366,0.270107090473175
site05,4,global,3704,927,5.983231067657471,0.5122408108252172,558.0,0.0594327592914366,0.270107090473175
site05,4,local,3704,927,5.9832258224487305,0.5122408108252172,558.0,0.0594327592914366,0.270107090473175
site05,5,global,3704,927,5.983109951019287,0.5122408108252172,558.0,0.0594327592914366,0.270107090473175
site06,0,global,4503,1126,6.211151123046875,0.5234287560581583,669.0,0.0406298012662819,0.2036952674388885
site06,0,local,4503,1126,6.208597660064697,0.5234300484652665,669.0,0.0406298012662819,0.2036952674388885
site06,1,global,4503,1126,6.2088236808776855,0.5234300484652665,669.0,0.0406298012662819,0.2036952674388885
site06,1,local,4503,1126,6.209249973297119,0.5234300484652665,669.0,0.0406298012662819,0.2036952674388885
site06,2,global,4503,1126,6.2089457511901855,0.5234300484652665,669.0,0.0406298012662819,0.2036952674388885
site06,2,local,4503,1126,6.208292484283447,0.5234300484652665,669.0,0.0406298012662819,0.2036952674388885
site06,3,global,4503,1126,6.20889949798584,0.5234300484652665,669.0,0.0406298012662819,0.2036952674388885
site06,3,local,4503,1126,6.208855152130127,0.5234300484652665,669.0,0.0406298012662819,0.2036952674388885
site06,4,global,4503,1126,6.209003925323486,0.5234300484652665,669.0,0.0406298012662819,0.2036952674388885
site06,4,local,4503,1126,6.208423614501953,0.5234300484652665,669.0,0.0406298012662819,0.2036952674388885
site06,5,global,4503,1126,6.20905065536499,0.5234300484652665,669.0,0.0406298012662819,0.2036952674388885
site07,0,global,5712,1429,6.438523292541504,0.5180387467039411,885.0,0.1306931199914339,0.3688601851463318
site07,0,local,5712,1429,6.437488555908203,0.5175240144186685,885.0,0.1306931199914339,0.3688601851463318
site07,1,global,5712,1429,6.43695592880249,0.5175240144186685,885.0,0.1306931199914339,0.3688601851463318
site07,1,local,5712,1429,6.436617374420166,0.5175240144186685,885.0,0.1306931199914339,0.3688601851463318
site07,2,global,5712,1429,6.436850070953369,0.5175240144186685,885.0,0.1306931199914339,0.3688601851463318
site07,2,local,5712,1429,6.436453819274902,0.5175240144186685,885.0,0.1306931199914339,0.3688601851463318
site07,3,global,5712,1429,6.437016487121582,0.5175240144186685,885.0,0.1306931199914339,0.3688601851463318
site07,3,local,5712,1429,6.436534404754639,0.5175240144186685,885.0,0.1306931199914339,0.3688601851463318
site07,4,global,5712,1429,6.4369797706604,0.5175240144186685,885.0,0.1306931199914339,0.3688601851463318
site07,4,local,5712,1429,6.436023712158203,0.5175240144186685,885.0,0.1306931199914339,0.3688601851463318
site07,5,global,5712,1429,6.4370646476745605,0.5175240144186685,885.0,0.1306931199914339,0.3688601851463318
site08,0,global,6523,1631,6.570910453796387,0.5516675303590907,988.0,0.1981097044487592,0.4305965006351471
site08,0,local,6523,1631,6.565535545349121,0.551354668348149,988.0,0.1981097044487592,0.4305965006351471
site08,1,global,6523,1631,6.565230369567871,0.551354668348149,988.0,0.1981097044487592,0.4305965006351471
site08,1,local,6523,1631,6.565813064575195,0.551354668348149,988.0,0.1981097044487592,0.4305965006351471
site08,2,global,6523,1631,6.565241813659668,0.551354668348149,988.0,0.1981097044487592,0.4305965006351471
site08,2,local,6523,1631,6.565723896026611,0.551354668348149,988.0,0.1981097044487592,0.4305965006351471
site08,3,global,6523,1631,6.565230846405029,0.551354668348149,988.0,0.1981097044487592,0.4305965006351471
site08,3,local,6523,1631,6.56528902053833,0.551354668348149,988.0,0.1981097044487592,0.4305965006351471
site08,4,global,6523,1631,6.565273284912109,0.551354668348149,988.0,0.1981097044487592,0.4305965006351471
site08,4,local,6523,1631,6.566298961639404,0.5512978941608352,988.0,0.1981097044487592,0.4305965006351471
site08,5,global,6523,1631,6.565350532531738,0.551354668348149,988.0,0.1981097044487592,0.4305965006351471
site09,0,global,6739,1685,6.610082626342773,0.5300537100640407,1031.0,0.0389970058436399,0.1986449509859085
site09,0,local,6739,1685,6.607926845550537,0.5300492379521305,1031.0,0.0389970058436399,0.1986449509859085
site09,1,global,6739,1685,6.607950210571289,0.5300492379521305,1031.0,0.0389970058436399,0.1986449509859085
site09,1,local,6739,1685,6.607509136199951,0.5300492379521305,1031.0,0.0389970058436399,0.1986449509859085
site09,2,global,6739,1685,6.607940673828125,0.5300492379521305,1031.0,0.0389970058436399,0.1986449509859085
site09,2,local,6739,1685,6.607819557189941,0.5300492379521305,1031.0,0.0389970058436399,0.1986449509859085
site09,3,global,6739,1685,6.607778072357178,0.5300492379521305,1031.0,0.0389970058436399,0.1986449509859085
site09,3,local,6739,1685,6.6077961921691895,0.5300492379521305,1031.0,0.0389970058436399,0.1986449509859085
site09,4,global,6739,1685,6.607801914215088,0.5300492379521305,1031.0,0.0389970058436399,0.1986449509859085
site09,4,local,6739,1685,6.6084184646606445,0.5300492379521305,1031.0,0.0389970058436399,0.1986449509859085
site09,5,global,6739,1685,6.60779333114624,0.5300492379521305,1031.0,0.0389970058436399,0.1986449509859085
site10,0,global,7504,1876,6.691362380981445,0.5238889706115107,1131.0,0.0695023061391355,0.2846247553825378
site10,0,local,7504,1876,6.690028190612793,0.5240695879504028,1131.0,0.0695023061391355,0.2846247553825378
site10,1,global,7504,1876,6.68971061706543,0.5240695879504028,1131.0,0.0695023061391355,0.2846247553825378
site10,1,local,7504,1876,6.689746856689453,0.5240695879504028,1131.0,0.0695023061391355,0.2846247553825378
site10,2,global,7504,1876,6.689685344696045,0.5240695879504028,1131.0,0.0695023061391355,0.2846247553825378
site10,2,local,7504,1876,6.6897382736206055,0.5240695879504028,1131.0,0.0695023061391355,0.2846247553825378
site10,3,global,7504,1876,6.689642429351807,0.5240695879504028,1131.0,0.0695023061391355,0.2846247553825378
site10,3,local,7504,1876,6.689675807952881,0.5240695879504028,1131.0,0.0695023061391355,0.2846247553825378
site10,4,global,7504,1876,6.689596176147461,0.5240695879504028,1131.0,0.0695023061391355,0.2846247553825378
site10,4,local,7504,1876,6.689698219299316,0.5240695879504028,1131.0,0.0695023061391355,0.2846247553825378
site10,5,global,7504,1876,6.689517021179199,0.5240695879504028,1131.0,0.0695023061391355,0.2846247553825378
