site,round,stage,n_train,n_test,loss,mse,mae,r2,fs_r2,xhat_sd
site01,0,global,1140,286,2.380789041519165,2.380789041519165,1.2031162977218628,-0.7499454021453857,0.0217035588937736,0.3707268238067627
site01,0,local,1140,286,1.498165726661682,1.498165726661682,0.980795681476593,-0.1011930704116821,0.0217035588937736,0.3707268238067627
site01,1,global,1140,286,1.31484854221344,1.31484854221344,0.9230557084083556,0.0335500836372375,0.0217035588937736,0.3707268238067627
site01,1,local,1140,286,1.2868614196777344,1.2868614196777344,0.9229312539100648,0.0541214346885681,0.0217035588937736,0.3707268238067627
site01,2,global,1140,286,1.2839539051055908,1.2839539051055908,0.9152851104736328,0.0562585592269897,0.0217035588937736,0.3707268238067627
site01,2,local,1140,286,1.278620958328247,1.278620958328247,0.906321942806244,0.0601783394813537,0.0217035588937736,0.3707268238067627
site01,3,global,1140,286,1.262053608894348,1.262053608894348,0.903527855873108,0.0723558664321899,0.0217035588937736,0.3707268238067627
site01,3,local,1140,286,1.2658134698867798,1.2658134698867798,0.895118772983551,0.0695922970771789,0.0217035588937736,0.3707268238067627
site01,4,global,1140,286,1.2501027584075928,1.2501027584075928,0.8989456295967102,0.0811400413513183,0.0217035588937736,0.3707268238067627
site01,4,local,1140,286,1.2364907264709473,1.2364907264709473,0.8862259387969971,0.0911452770233154,0.0217035588937736,0.3707268238067627
site01,5,global,1140,286,1.2373228073120115,1.2373228073120115,0.8929571509361267,0.0905336737632751,0.0217035588937736,0.3707268238067627
site02,0,global,1888,473,2.683614492416382,2.683614492416382,1.3108503818511963,-0.9597992897033693,0.0927251568912539,0.3264499604701996
site02,0,local,1888,473,1.3139278888702393,1.3139278888702393,0.9208451509475708,0.0404601097106933,0.0927251568912539,0.3264499604701996
site02,1,global,1888,473,1.2664852142333984,1.2664852142333984,0.9018574953079224,0.0751067996025085,0.0927251568912539,0.3264499604701996
site02,1,local,1888,473,1.235640048980713,1.235640048980713,0.886732280254364,0.0976324081420898,0.0927251568912539,0.3264499604701996
site02,2,global,1888,473,1.25622296333313,1.25622296333313,0.8980684280395508,0.0826010704040527,0.0927251568912539,0.3264499604701996
site02,2,local,1888,473,1.2337666749954224,1.2337666749954224,0.8887022733688354,0.0990005135536193,0.0927251568912539,0.3264499604701996
site02,3,global,1888,473,1.2117116451263428,1.2117116451263428,0.8796291947364807,0.1151069998741149,0.0927251568912539,0.3264499604701996
site02,3,local,1888,473,1.1816306114196775,1.1816306114196775,0.8697202801704407,0.1370747089385986,0.0927251568912539,0.3264499604701996
site02,4,global,1888,473,1.2015843391418457,1.2015843391418457,0.8749500513076782,0.1225028038024902,0.0927251568912539,0.3264499604701996
site02,4,local,1888,473,1.1996454000473022,1.1996454000473022,0.8756353259086609,0.1239187717437744,0.0927251568912539,0.3264499604701996
site02,5,global,1888,473,1.1872729063034058,1.1872729063034058,0.869340181350708,0.1329541802406311,0.0927251568912539,0.3264499604701996
site03,0,global,2784,696,2.573023557662964,2.573023557662964,1.2965803146362305,-0.8214300870895386,0.0630619951046852,0.2924663722515106
site03,0,local,2784,696,1.270272135734558,1.270272135734558,0.905985713005066,0.100780963897705,0.0630619951046852,0.2924663722515106
site03,1,global,2784,696,1.2569500207901,1.2569500207901,0.8966524004936218,0.1102115511894226,0.0630619951046852,0.2924663722515106
site03,1,local,2784,696,1.2550753355026243,1.2550753355026243,0.8984118103981018,0.1115387082099914,0.0630619951046852,0.2924663722515106
site03,2,global,2784,696,1.2662032842636108,1.2662032842636108,0.8986384868621826,0.1036612391471862,0.0630619951046852,0.2924663722515106
site03,2,local,2784,696,1.2487300634384155,1.2487300634384155,0.8948118686676025,0.1160304546356201,0.0630619951046852,0.2924663722515106
site03,3,global,2784,696,1.244124412536621,1.244124412536621,0.8905637860298157,0.1192907691001892,0.0630619951046852,0.2924663722515106
site03,3,local,2784,696,1.2289071083068848,1.2289071083068848,0.884085476398468,0.130062997341156,0.0630619951046852,0.2924663722515106
site03,4,global,2784,696,1.2433098554611206,1.2433098554611206,0.890476644039154,0.1198674440383911,0.0630619951046852,0.2924663722515106
site03,4,local,2784,696,1.240208625793457,1.240208625793457,0.8922104239463806,0.1220627427101135,0.0630619951046852,0.2924663722515106
site03,5,global,2784,696,1.2376753091812134,1.2376753091812134,0.8889037370681763,0.1238560676574707,0.0630619951046852,0.2924663722515106
site04,0,global,3644,912,2.649281740188598,2.649281740188598,1.288966417312622,-0.9263080358505248,0.080704962135807,0.2982235848903656
site04,0,local,3644,912,1.2437241077423096,1.2437241077423096,0.8903697729110718,0.0956810712814331,0.080704962135807,0.2982235848903656
site04,1,global,3644,912,1.2246254682540894,1.2246254682540894,0.883760929107666,0.1095678210258483,0.080704962135807,0.2982235848903656
site04,1,local,3644,912,1.1990633010864258,1.1990633010864258,0.8730977177619934,0.1281541585922241,0.080704962135807,0.2982235848903656
site04,2,global,3644,912,1.2160435914993286,1.2160435914993286,0.8826846480369568,0.1158077120780944,0.080704962135807,0.2982235848903656
site04,2,local,3644,912,1.177025556564331,1.177025556564331,0.8653203248977661,0.1441779732704162,0.080704962135807,0.2982235848903656
site04,3,global,3644,912,1.1842434406280518,1.1842434406280518,0.8689939975738525,0.1389297842979431,0.080704962135807,0.2982235848903656
site04,3,local,3644,912,1.1690552234649658,1.1690552234649658,0.8620384335517883,0.1499732136726379,0.080704962135807,0.2982235848903656
site04,4,global,3644,912,1.1794066429138184,1.1794066429138184,0.8671531081199646,0.1424466371536255,0.080704962135807,0.2982235848903656
site04,4,local,3644,912,1.1634745597839355,1.1634745597839355,0.858985960483551,0.1540309786796569,0.080704962135807,0.2982235848903656
site04,5,global,3644,912,1.1714738607406616,1.1714738607406616,0.8630617260932922,0.1482146382331848,0.080704962135807,0.2982235848903656
site05,0,global,3704,927,2.612008810043335,2.612008810043335,1.266577124595642,-0.9500656127929688,0.048591688837573,0.2728365957736969
site05,0,local,3704,927,1.2243369817733765,1.2243369817733765,0.8831279873847961,0.0859383344650268,0.048591688837573,0.2728365957736969
site05,1,global,3704,927,1.186472773551941,1.186472773551941,0.86664217710495,0.114206850528717,0.048591688837573,0.2728365957736969
site05,1,local,3704,927,1.1671842336654663,1.1671842336654663,0.8578641414642334,0.1286072134971618,0.048591688837573,0.2728365957736969
site05,2,global,3704,927,1.1824220418930054,1.1824220418930054,0.865689754486084,0.117231011390686,0.048591688837573,0.2728365957736969
site05,2,local,3704,927,1.148051142692566,1.148051142692566,0.8508444428443909,0.142891526222229,0.048591688837573,0.2728365957736969
site05,3,global,3704,927,1.1503076553344729,1.1503076553344729,0.8539806008338928,0.1412068605422973,0.048591688837573,0.2728365957736969
site05,3,local,3704,927,1.136506199836731,1.136506199836731,0.8475827574729919,0.1515107154846191,0.048591688837573,0.2728365957736969
site05,4,global,3704,927,1.145293116569519,1.145293116569519,0.8521880507469177,0.1449505686759948,0.048591688837573,0.2728365957736969
site05,4,local,3704,927,1.127582550048828,1.127582550048828,0.8431627154350281,0.1581729054450988,0.048591688837573,0.2728365957736969
site05,5,global,3704,927,1.1354938745498655,1.1354938745498655,0.8485755324363708,0.1522665023803711,0.048591688837573,0.2728365957736969
site06,0,global,4503,1126,2.721052646636963,2.721052646636963,1.3098183870315552,-0.8824701309204102,0.0426912030400241,0.2053330838680267
site06,0,local,4503,1126,1.2968312501907349,1.2968312501907349,0.9180539846420288,0.1028302907943725,0.0426912030400241,0.2053330838680267
site06,1,global,4503,1126,1.2810837030410769,1.2810837030410769,0.9110608100891112,0.1137247085571289,0.0426912030400241,0.2053330838680267
site06,1,local,4503,1126,1.2689440250396729,1.2689440250396729,0.908864974975586,0.1221231818199157,0.0426912030400241,0.2053330838680267
site06,2,global,4503,1126,1.2812247276306152,1.2812247276306152,0.912976324558258,0.1136271357536315,0.0426912030400241,0.2053330838680267
site06,2,local,4503,1126,1.2608762979507446,1.2608762979507446,0.9066216349601746,0.1277045011520385,0.0426912030400241,0.2053330838680267
site06,3,global,4503,1126,1.2555453777313232,1.2555453777313232,0.9037998914718628,0.1313925385475158,0.0426912030400241,0.2053330838680267
site06,3,local,4503,1126,1.2510676383972168,1.2510676383972168,0.9015029668807985,0.1344903111457824,0.0426912030400241,0.2053330838680267
site06,4,global,4503,1126,1.2540857791900637,1.2540857791900637,0.903221309185028,0.1324023008346557,0.0426912030400241,0.2053330838680267
site06,4,local,4503,1126,1.2439111471176147,1.2439111471176147,0.8938924670219421,0.1394413113594055,0.0426912030400241,0.2053330838680267
site06,5,global,4503,1126,1.246240496635437,1.246240496635437,0.8993195295333862,0.1378297805786132,0.0426912030400241,0.2053330838680267
site07,0,global,5712,1429,2.187443971633911,2.187443971633911,1.1565725803375244,-0.8499679565429688,0.1327346101369243,0.369501531124115
site07,0,local,5712,1429,1.1369935274124146,1.1369935274124146,0.853897750377655,0.0384203791618347,0.1327346101369243,0.369501531124115
site07,1,global,5712,1429,1.1331549882888794,1.1331549882888794,0.8528105616569519,0.0416666865348815,0.1327346101369243,0.369501531124115
site07,1,local,5712,1429,1.0749467611312866,1.0749467611312866,0.8297193646430969,0.0908945798873901,0.1327346101369243,0.369501531124115
site07,2,global,5712,1429,1.0957231521606443,1.0957231521606443,0.8386257886886597,0.0733235478401184,0.1327346101369243,0.369501531124115
site07,2,local,5712,1429,1.0734965801239014,1.0734965801239014,0.8295302987098694,0.0921210646629333,0.1327346101369243,0.369501531124115
site07,3,global,5712,1429,1.0774834156036377,1.0774834156036377,0.8319734930992126,0.0887492299079895,0.1327346101369243,0.369501531124115
site07,3,local,5712,1429,1.0526713132858276,1.0526713132858276,0.8210709095001221,0.1097334027290344,0.1327346101369243,0.369501531124115
site07,4,global,5712,1429,1.062717318534851,1.062717318534851,0.8261705040931702,0.1012372970581054,0.1327346101369243,0.369501531124115
site07,4,local,5712,1429,1.0657806396484375,1.0657806396484375,0.828275203704834,0.0986466407775878,0.1327346101369243,0.369501531124115
site07,5,global,5712,1429,1.0524389743804932,1.0524389743804932,0.8215675354003906,0.1099299192428588,0.1327346101369243,0.369501531124115
site08,0,global,6523,1631,2.460282564163208,2.460282564163208,1.2225421667099,-0.8156105279922485,0.1721204910108354,0.4404027163982391
site08,0,local,6523,1631,1.2263648509979248,1.2263648509979248,0.8731176853179932,0.0949816703796386,0.1721204910108354,0.4404027163982391
site08,1,global,6523,1631,1.2531113624572754,1.2531113624572754,0.8866338729858398,0.0752435326576232,0.1721204910108354,0.4404027163982391
site08,1,local,6523,1631,1.1715604066848757,1.1715604066848757,0.8571610450744629,0.1354256272315979,0.1721204910108354,0.4404027163982391
site08,2,global,6523,1631,1.2209612131118774,1.2209612131118774,0.8756117820739746,0.0989693403244018,0.1721204910108354,0.4404027163982391
site08,2,local,6523,1631,1.157160758972168,1.157160758972168,0.851860761642456,0.1460521221160888,0.1721204910108354,0.4404027163982391
site08,3,global,6523,1631,1.189579725265503,1.189579725265503,0.8638992309570312,0.1221278309822082,0.1721204910108354,0.4404027163982391
site08,3,local,6523,1631,1.1536078453063965,1.1536078453063965,0.8520984053611755,0.1486739516258239,0.1721204910108354,0.4404027163982391
site08,4,global,6523,1631,1.1770249605178833,1.1770249605178833,0.8602219820022583,0.1313928961753845,0.1721204910108354,0.4404027163982391
site08,4,local,6523,1631,1.1492822170257568,1.1492822170257568,0.8522278070449829,0.1518661379814148,0.1721204910108354,0.4404027163982391
site08,5,global,6523,1631,1.16679584980011,1.16679584980011,0.8573850989341736,0.1389416456222534,0.1721204910108354,0.4404027163982391
site09,0,global,6739,1685,2.2583439350128174,2.2583439350128174,1.1870993375778198,-0.8657330274581909,0.0352690201469616,0.2022626996040344
site09,0,local,6739,1685,1.2526921033859253,1.2526921033859253,0.8928003907203674,-0.0349127054214477,0.0352690201469616,0.2022626996040344
site09,1,global,6739,1685,1.1048932075500488,1.1048932075500488,0.8303371071815491,0.0871914029121398,0.0352690201469616,0.2022626996040344
site09,1,local,6739,1685,1.256039023399353,1.256039023399353,0.8931892514228821,-0.0376778841018676,0.0352690201469616,0.2022626996040344
site09,2,global,6739,1685,1.1037241220474243,1.1037241220474243,0.8308550119400024,0.0881572961807251,0.0352690201469616,0.2022626996040344
site09,2,local,6739,1685,1.250882863998413,1.250882863998413,0.8914636373519897,-0.03341805934906,0.0352690201469616,0.2022626996040344
site09,3,global,6739,1685,1.0933140516281128,1.0933140516281128,0.8263530135154724,0.0967575907707214,0.0352690201469616,0.2022626996040344
site09,3,local,6739,1685,1.2112817764282229,1.2112817764282229,0.8759171366691589,-0.0007015466690063,0.0352690201469616,0.2022626996040344
site09,4,global,6739,1685,1.0927917957305908,1.0927917957305908,0.8262225985527039,0.0971890091896057,0.0352690201469616,0.2022626996040344
site09,4,local,6739,1685,1.2195155620574951,1.2195155620574951,0.8780906796455383,-0.0075039863586425,0.0352690201469616,0.2022626996040344
site09,5,global,6739,1685,1.09141206741333,1.09141206741333,0.8256350755691528,0.0983288884162902,0.0352690201469616,0.2022626996040344
site10,0,global,7504,1876,2.341597557067871,2.341597557067871,1.1960506439208984,-1.0258944034576416,0.082569773232602,0.2769405543804168
site10,0,local,7504,1876,1.1934406757354736,1.1934406757354736,0.8590421080589294,-0.032536506652832,0.082569773232602,0.2769405543804168
site10,1,global,7504,1876,1.0582436323165894,1.0582436323165894,0.8166115880012512,0.0844327807426452,0.082569773232602,0.2769405543804168
site10,1,local,7504,1876,1.205277442932129,1.205277442932129,0.8621927499771118,-0.0427774190902709,0.082569773232602,0.2769405543804168
site10,2,global,7504,1876,1.039687991142273,1.039687991142273,0.8082922101020813,0.1004866957664489,0.082569773232602,0.2769405543804168
site10,2,local,7504,1876,1.205604910850525,1.205604910850525,0.8620354533195496,-0.0430606603622436,0.082569773232602,0.2769405543804168
site10,3,global,7504,1876,1.018181562423706,1.018181562423706,0.8001464605331421,0.1190935373306274,0.082569773232602,0.2769405543804168
site10,3,local,7504,1876,1.2033798694610596,1.2033798694610596,0.8608415722846985,-0.041135549545288,0.082569773232602,0.2769405543804168
site10,4,global,7504,1876,1.0093863010406494,1.0093863010406494,0.79680997133255,0.1267030239105224,0.082569773232602,0.2769405543804168
site10,4,local,7504,1876,1.185720682144165,1.185720682144165,0.8546491265296936,-0.0258573293685913,0.082569773232602,0.2769405543804168
site10,5,global,7504,1876,1.001168131828308,1.001168131828308,0.7942703366279602,0.133813202381134,0.082569773232602,0.2769405543804168
