id,snp0,snp1,snp2,snp3,snp4,snp5,snp6,snp7,snp8,snp9,snp10,snp11,snp12,snp13,snp14,snp15,snp16,snp17,snp18,snp19,U,X,time,event
0,1,2,1,0,1,0,1,1,1,0,1,1,1,1,1,1,1,1,0,0,0.4598849890267251,0.6531965983907558,1.2,0
1,1,1,0,0,0,0,0,1,2,0,1,0,1,1,2,0,1,1,1,0,1.5913628689962436,-0.9718115114263703,1.2,0
2,1,2,2,0,0,1,0,0,2,2,0,0,1,1,0,0,0,1,0,1,1.018157788812416,0.17072023655420118,1.2,0
3,0,1,1,0,0,1,1,0,0,0,0,0,0,0,1,0,1,1,1,1,-1.0584453431062717,-0.13518708467937463,1.2,0
4,0,0,1,0,1,0,1,0,0,0,0,0,1,1,2,1,0,1,0,2,-0.44278525656203754,0.919034755472951,1.2,0
5,1,1,2,0,1,0,1,0,1,0,2,2,1,0,1,1,0,2,0,2,0.321373820272281,0.7870963885147167,1.2,0
6,0,2,0,0,1,2,1,1,1,1,1,1,1,1,2,0,2,1,0,1,1.3521209688185747,-0.000604103170627382,1.2,0
7,2,1,2,0,0,0,0,0,1,1,1,1,2,1,0,1,0,1,2,1,0.25556544969934514,1.506025703102486,1.2,0
8,2,0,2,0,1,0,1,0,0,1,1,0,1,0,2,0,1,2,0,1,1.048242830529593,-1.0206923971822106,1.2,0
9,2,1,2,0,2,0,2,0,1,2,0,1,0,1,0,0,0,2,0,1,0.46565557979106664,0.4379722202597941,1.2,0
10,2,0,2,0,2,1,2,0,1,1,2,1,0,0,0,1,0,1,0,1,0.1312561363078277,1.2856435329585976,1.2,0
11,0,2,1,0,0,1,0,0,2,0,1,1,0,2,0,0,1,1,0,0,1.3257097106350482,-0.25380177262877013,1.2,0
12,0,0,1,0,1,1,1,0,0,1,2,2,1,2,1,1,1,1,1,1,-0.330813703191655,-1.0438525119613966,1.2,0
13,2,1,0,0,0,0,2,0,1,2,1,1,0,1,2,0,1,2,0,0,1.1379072144046467,-0.49608213699419035,1.2,0
14,1,1,1,0,2,0,1,0,1,2,1,1,1,0,1,0,1,2,0,1,-1.0993171771447432,0.9829674353168574,1.2,0
15,1,1,1,0,0,1,0,0,1,1,0,1,1,0,2,0,2,1,0,0,0.19988991437446327,0.6247062566118183,1.2,0
16,1,0,1,0,0,0,0,1,0,1,0,1,0,1,1,0,1,2,0,1,0.005910913720540445,1.547334778608482,1.2,0
17,1,1,0,2,1,1,0,0,1,1,2,0,0,1,0,1,0,0,0,0,0.061358267149190675,1.350436515812329,1.2,0
18,2,0,1,0,1,0,1,0,0,1,0,0,0,2,2,1,2,0,0,1,-0.4164826155658393,1.8710926465246325,1.2,0
19,0,1,2,0,1,0,1,0,1,2,2,0,1,0,1,2,0,1,0,1,-0.5932909144309402,-2.4377062803540053,1.2,0
20,2,0,0,0,2,1,1,1,1,1,0,0,1,1,1,0,1,2,0,0,-1.1640622247637469,0.8703875830838302,1.2,0
21,0,1,2,0,0,1,0,0,1,1,2,0,1,1,1,1,0,2,1,0,-1.4272410272053713,-0.6195673180180941,1.2,0
22,0,0,1,0,0,0,2,0,1,1,1,0,0,0,2,0,2,1,0,1,-0.9661490975801986,-0.6857470735166664,1.2,0
23,1,0,0,0,1,0,2,1,1,0,0,1,0,0,2,0,2,1,0,1,-0.15283285852247092,1.2070251538491914,1.2,0
24,1,1,1,0,0,0,1,0,0,0,1,0,0,1,0,0,2,0,0,0,-1.3071060746056415,-1.800605062571683,1.2,0
25,2,0,0,0,2,1,0,2,1,0,0,0,0,0,1,1,1,1,1,1,0.2795166182210182,0.41811571930798275,1.2,0
26,0,1,2,0,0,1,0,1,1,1,1,0,0,0,0,0,2,2,0,0,1.8670843292705723,-0.25031922727717193,1.2,0
27,1,1,1,0,1,0,0,0,2,2,0,1,0,1,0,0,2,0,0,0,-0.5835609139051494,1.04210547291617,1.2,0
28,2,1,1,1,1,0,0,1,2,0,1,0,1,0,1,0,1,1,0,1,-1.9898896194996933,0.24098948306720025,1.2,0
29,0,0,0,0,1,0,1,0,0,0,0,1,1,1,1,0,1,0,0,0,-0.06929404058889559,0.6532276746890228,1.2,0
30,1,1,2,1,1,0,0,0,1,1,0,0,1,0,1,0,2,0,0,0,-0.9727867993161856,-0.8433723429013182,1.2,0
31,1,0,1,0,1,1,1,0,1,0,1,0,0,1,0,0,1,1,0,1,-1.2034184252132956,-0.017881254879650532,1.2,0
32,1,0,1,0,0,1,0,0,2,0,1,0,1,0,1,0,0,1,0,2,-0.11372656594980741,-1.4813565713703727,1.2,0
33,1,1,0,1,1,0,1,0,0,1,1,1,1,2,2,0,2,1,0,0,-1.1344533336929419,-1.264410303983882,1.2,0
34,1,1,1,0,1,1,1,0,2,1,0,0,2,2,1,0,1,1,0,1,-1.8133893846813822,-0.2630769041204014,1.2,0
35,0,2,0,0,1,0,1,0,1,0,2,0,2,0,1,0,2,1,0,2,0.8609979914610894,-1.2907457359987027,1.2,0
36,0,0,2,0,0,0,1,1,1,0,0,0,0,1,1,1,0,2,1,1,-1.119673165041962,0.37608206927342325,1.2,0
37,2,2,1,0,0,0,2,0,1,1,1,0,1,0,1,0,0,0,1,0,-0.4112532215131939,-2.153795719069854,1.2,0
38,2,0,2,0,1,1,0,0,1,1,1,0,2,2,1,1,0,1,2,0,0.5379349794829236,0.8533673352571255,1.2,0
39,1,1,2,1,0,1,1,0,0,1,1,1,0,1,2,0,2,0,1,1,2.859646351417857,0.98482209413524,1.0989442649427354,1
40,1,1,1,1,1,1,1,1,1,1,0,2,0,1,0,0,0,1,0,1,-0.43633443345013606,-0.768350570083647,1.2,0
41,1,0,1,0,1,0,2,0,0,1,2,1,0,1,0,0,1,0,0,1,-0.5716916235330333,0.08735261912993941,1.2,0
42,0,0,1,0,2,1,0,0,0,0,2,0,0,0,1,1,1,1,0,0,-1.4374120752731456,-0.11200383398448527,1.2,0
43,0,0,0,0,1,1,0,0,1,0,1,1,0,1,0,1,1,1,0,0,0.4031133052446865,-0.932350721366109,1.2,0
44,2,0,2,0,0,0,1,0,0,1,0,0,0,0,1,1,0,2,0,1,0.32130153248627763,-0.033935148403647974,1.2,0
45,1,0,2,1,0,0,0,0,1,2,1,2,1,0,2,0,0,1,0,0,1.0148086694886975,-1.2985267177451332,1.2,0
46,2,2,2,0,0,0,0,0,1,1,1,0,1,2,2,0,1,2,1,0,0.6053618901520207,-0.5426914125942607,1.2,0
47,2,2,2,0,1,0,1,0,1,0,1,0,0,1,1,1,0,0,1,1,0.026609046329824037,-0.6929834463103897,1.2,0
48,0,1,0,0,1,0,1,0,0,0,1,0,1,0,0,1,1,1,0,1,-0.28907136366263564,0.7633957332102482,1.2,0
49,2,0,1,0,1,0,0,0,1,1,0,0,0,1,0,0,0,2,0,0,-0.23990465777416975,-0.37366562881650256,1.2,0
50,2,1,0,0,1,0,0,0,1,1,0,0,0,1,1,0,2,1,0,0,-0.2155268937967682,0.7359752905683516,1.2,0
51,1,2,1,0,1,1,1,0,1,0,1,0,1,0,1,0,1,1,2,1,1.5286780588090936,0.3833695524161476,1.2,0
52,1,1,0,0,1,0,0,1,2,0,0,1,2,1,2,0,2,0,1,1,-2.2085594997148346,-2.521537899034483,1.2,0
53,1,1,1,0,0,0,2,1,0,1,2,0,0,1,1,0,1,1,1,1,1.6886625859623194,-0.9058363942698161,1.2,0
54,2,0,1,0,1,2,1,0,1,2,1,2,0,1,1,0,1,1,0,0,-0.9690850343979635,-1.690182423096863,1.2,0
55,1,0,1,0,0,0,1,0,1,0,0,1,0,1,0,0,0,0,0,1,1.3876681357665996,0.1733485649043791,1.2,0
56,1,1,2,0,1,1,0,0,1,1,0,0,1,0,2,1,0,0,0,0,-0.6872765278899006,-1.5144705815043662,1.2,0
57,0,1,1,0,0,0,2,0,1,0,0,1,2,0,1,0,1,1,0,1,0.938590377296308,0.1391784142113391,1.2,0
58,1,0,2,1,1,0,0,0,2,0,1,0,0,0,0,1,0,0,0,1,0.6414454974107279,0.5754803009804069,1.2,0
59,2,1,1,1,2,1,2,0,1,0,0,0,0,1,1,1,1,0,0,1,0.2749823351821419,0.7088614501277658,1.2,0
60,0,1,0,0,2,1,2,0,1,0,1,0,1,0,2,0,2,0,0,2,1.0652522173637096,-0.12973621200725716,1.2,0
61,1,1,1,0,0,0,2,0,1,0,1,0,0,1,2,0,1,1,1,1,-0.2028554318098506,-0.3006143138376735,1.2,0
62,0,2,0,0,1,0,1,1,1,1,0,2,0,2,2,1,0,2,1,1,0.5554810112568116,-0.06534534853029066,1.2,0
63,1,0,0,0,1,0,0,0,0,0,1,1,0,1,0,0,0,0,0,0,1.0668022393955532,-0.014803613987493192,0.38444812034972065,1
64,0,0,1,0,0,1,1,0,2,2,1,0,1,2,1,1,2,0,1,0,-0.01266573518042246,-1.3439563501027671,1.2,0
65,1,1,2,0,0,1,2,1,1,2,1,0,2,0,0,0,1,1,0,0,1.2103296195315774,0.9832136691689792,1.2,0
66,2,1,1,0,1,0,1,0,1,0,0,0,0,1,0,0,1,0,0,0,0.1021508029117231,-0.21057381825035398,1.2,0
67,1,0,2,1,0,0,0,0,0,0,0,0,1,1,1,0,2,0,1,1,1.5601733376732874,0.959526051843641,1.2,0
68,0,0,1,0,1,1,1,0,1,0,2,1,1,1,1,0,1,0,0,0,0.16987717325724752,-0.1250749166600475,1.2,0
69,1,0,1,0,1,0,1,0,1,1,2,0,1,1,0,0,0,0,0,1,1.1159536234157745,-0.7785869381297817,1.2,0
70,1,0,2,0,2,1,1,0,0,0,0,2,1,0,1,1,1,1,0,2,2.2917190782145047,1.1682128889070071,1.2,0
71,1,0,2,0,0,0,1,0,2,0,1,1,1,0,0,0,1,2,0,0,1.958234799578614,0.17720747949441418,1.2,0
72,1,0,1,0,0,1,1,0,1,0,1,1,0,1,1,0,2,0,1,1,1.6289587629515097,0.12945117205666667,1.2,0
73,0,1,2,0,1,0,1,1,0,0,1,0,0,1,2,1,2,0,0,2,-0.7626825400629215,0.7199095768648415,1.2,0
74,2,0,0,0,1,0,2,0,1,0,2,0,1,0,1,0,1,1,1,0,-1.6795929270281,0.34670287751607165,1.2,0
75,0,1,0,0,1,0,0,0,1,1,1,1,0,1,0,1,1,1,0,0,-0.16616838085164343,-0.2203358237873353,1.2,0
76,1,1,1,0,0,1,0,0,1,1,1,0,2,1,0,0,2,0,0,0,0.06660239741878775,-0.3493850369016597,1.2,0
77,2,0,1,1,1,0,0,0,1,0,0,0,0,1,2,0,2,2,0,2,0.6154680354008564,-0.07417907635725096,1.2,0
78,1,1,1,0,0,1,0,0,2,0,1,0,0,1,2,0,1,1,0,0,-0.06362237566499274,-0.18235550881920834,1.2,0
79,1,0,1,0,0,1,1,1,1,0,2,1,1,1,0,1,1,1,0,2,0.2924895856742077,-0.43233251480844614,1.2,0
80,1,0,1,1,1,1,2,1,2,1,1,1,0,1,2,0,2,0,0,1,1.5651523505725458,-2.896305335546148,1.2,0
81,1,1,1,1,2,0,1,1,1,1,0,0,1,1,1,0,1,1,1,2,0.6497613315976402,-0.067854065581472,1.2,0
82,0,1,1,0,0,0,0,1,2,1,2,2,0,1,1,0,1,1,1,1,-1.3816939439272877,0.09039272314495328,1.2,0
83,1,0,1,0,1,0,0,0,0,1,1,2,1,2,1,0,0,1,1,0,0.06677840030454492,-0.6842799720413439,1.2,0
84,1,1,2,0,0,0,0,0,1,0,1,1,0,0,1,0,1,2,0,1,0.7570450595102096,0.6028644305606197,1.2,0
85,0,0,1,0,0,1,1,0,1,1,0,0,0,1,1,0,1,1,1,1,-0.15569380281151574,1.3965501378620604,1.2,0
86,2,0,0,0,0,0,1,1,1,0,2,1,1,1,1,0,1,0,1,1,1.3732192203470055,1.0394588714277275,1.2,0
87,1,1,2,0,1,0,0,1,0,0,2,1,0,2,1,2,0,1,0,0,0.4357568775809376,1.2146427842524288,1.2,0
88,0,0,1,0,0,0,1,0,0,0,1,0,0,1,0,1,1,0,0,0,-2.7814476584178585,-0.9895816377094678,1.2,0
89,0,0,0,0,0,1,0,0,2,2,0,1,0,0,1,1,1,2,0,2,-2.398547399383979,-0.6274843863510171,1.2,0
90,1,1,2,0,0,1,1,0,0,0,1,0,1,2,1,0,0,0,0,0,-0.17506068960828217,-0.47612438666945306,1.2,0
91,1,0,2,0,1,1,2,0,0,1,0,0,0,1,1,0,0,2,0,2,-1.2162475233179983,0.30802266717257815,1.2,0
92,1,1,0,0,0,0,2,1,0,1,2,0,0,2,1,0,2,1,0,0,0.04405653947255351,0.13079896209287478,1.2,0
93,2,1,1,0,2,1,0,0,1,0,1,0,0,1,2,1,2,1,0,1,2.9060713634559385,1.816730711096579,1.2,0
94,0,0,1,0,1,0,2,1,1,0,1,0,0,1,1,0,0,1,1,1,0.10021138466053511,-0.1289985516912949,1.2,0
95,2,1,1,0,1,1,2,0,0,0,1,1,0,1,2,0,2,1,0,2,-0.0914270475753653,-2.6073599633336295,1.2,0
96,1,0,2,0,0,0,1,0,1,1,1,1,0,0,0,0,1,1,0,0,0.508252786855784,0.6988231298929864,1.2,0
97,2,0,2,1,1,0,0,0,1,1,1,1,0,1,0,0,0,1,0,2,0.48554256702403265,-0.26006422219321734,1.2,0
98,1,1,1,0,2,1,2,0,0,0,1,0,2,0,2,1,1,2,0,1,-0.5276648362530638,-0.8803360450602371,1.2,0
99,1,1,1,0,1,1,2,0,0,0,1,0,1,0,2,1,1,1,0,0,-0.20914780801030705,0.2676297535927289,1.2,0
100,1,0,1,0,0,0,1,0,0,0,2,1,1,1,1,1,0,2,0,0,-0.08210332415560403,-0.17021170909287292,1.2,0
101,2,0,0,0,0,0,0,0,1,2,0,1,0,0,0,1,0,0,0,2,-2.110764957755392,-1.0528212977279605,1.2,0
102,1,0,1,0,1,0,1,1,1,0,2,1,0,0,2,1,2,2,0,0,0.7762582231730563,-0.23625846820983293,1.2,0
103,1,0,1,0,1,0,1,0,1,1,1,0,1,0,0,1,1,1,0,1,0.6318579093026326,0.9738426570685506,0.7470439449144526,1
104,1,1,0,1,0,0,0,0,1,1,0,1,1,2,1,0,1,2,0,0,1.1820368431345962,-0.29976389502690726,1.2,0
105,0,1,1,0,0,0,1,0,1,2,2,1,1,2,2,1,1,0,0,1,0.1649395057823029,0.676091415897079,1.2,0
106,0,0,0,0,2,0,0,0,0,0,1,0,0,1,0,1,2,2,0,1,-1.2574715718035336,0.30432249826658486,0.5691661573293967,1
107,1,0,1,0,0,0,1,1,2,0,1,1,0,2,0,0,2,0,0,1,0.3154455606293156,0.815488691292398,0.5527254498118267,1
108,1,1,0,0,1,0,0,0,2,0,2,0,1,1,2,1,1,0,1,1,-1.2182217976796763,1.8360893752267091,1.2,0
109,1,1,1,0,0,1,2,1,0,0,1,0,1,0,1,2,0,1,1,1,-0.07103155573990899,-0.007486079161347144,1.2,0
110,0,0,2,0,0,0,0,0,1,0,0,2,0,0,1,0,0,1,1,2,0.5046348299371698,0.09221107839777543,1.2,0
111,1,0,2,0,1,1,1,0,0,1,1,0,1,0,0,1,0,2,0,0,-1.895378397264624,-0.19115753896183857,1.2,0
112,1,1,1,0,1,1,0,0,2,1,2,1,0,2,0,0,2,2,0,1,-0.5076906814500352,-1.535287524828184,1.2,0
113,1,0,1,0,2,1,1,2,0,1,0,0,0,0,0,1,1,1,0,1,-0.1460606718062798,0.8764161695250591,1.2,0
114,1,1,1,0,1,0,1,0,1,0,0,0,1,1,1,0,1,1,1,1,-0.02900585958717531,0.9287472309609092,1.2,0
115,1,0,1,0,0,0,0,0,2,1,0,2,0,1,2,0,1,0,1,1,-0.4912249379834635,1.1121554993120328,1.2,0
116,2,0,2,0,1,2,1,0,1,0,0,1,1,2,1,0,1,2,1,2,-1.1594146414292732,-0.9457624848668105,1.2,0
117,1,0,0,0,0,0,1,1,0,1,1,1,0,1,1,0,1,1,0,1,1.0705708292858576,-0.841234123314741,1.2,0
118,0,0,0,0,0,0,0,0,1,0,1,1,0,0,1,0,1,1,0,1,-1.3255217815159623,-0.7670797769397408,0.3786783294112179,1
119,1,1,1,0,1,1,2,2,2,1,2,0,1,0,1,0,1,0,0,0,-0.227054807813167,-0.19871142752595478,1.2,0
120,1,1,1,0,2,1,1,1,0,1,1,0,0,2,2,1,2,1,0,1,-1.4040292835562664,-2.7488553969274396,1.2,0
121,2,0,2,1,1,1,0,0,1,1,1,1,0,1,0,1,0,2,1,0,-0.13419434457200963,1.2591146307924672,0.526936825521803,1
122,2,2,1,0,0,1,0,0,0,1,2,1,2,0,2,1,1,1,1,1,1.0521234678075535,-1.135683126641418,1.2,0
123,1,2,2,0,1,0,1,0,2,1,2,0,1,0,2,0,1,1,0,1,0.3543039810047404,-0.7272631366853924,1.2,0
124,2,0,2,1,0,0,1,0,2,0,1,0,0,2,0,0,2,0,0,2,-1.7214745188725251,-2.4888469262094657,1.2,0
125,1,1,1,0,0,1,0,1,1,1,0,1,0,1,2,0,2,0,0,0,1.9649551183590044,0.1950005657747198,1.2,0
126,1,0,0,0,2,1,0,0,1,0,1,0,1,1,1,1,1,1,0,0,-0.17131582626402245,1.5017577285233772,1.2,0
127,1,0,1,0,2,1,2,1,1,0,0,1,2,1,1,0,1,2,0,2,1.350430931592738,-0.7126856537989564,1.2,0
128,1,2,1,0,0,0,1,0,0,1,2,1,0,0,1,1,1,1,0,0,0.7125678700812048,-1.0575221700408828,1.2,0
129,2,0,1,0,0,0,0,0,1,0,2,0,0,1,1,1,2,0,0,1,0.5502354460963944,-0.43071094464409454,1.2,0
130,0,2,1,0,2,0,1,0,1,0,0,1,0,2,1,0,0,2,0,2,1.4456754880853222,-1.2037001122608113,1.2,0
131,1,0,1,0,1,1,2,0,0,1,2,1,0,2,0,0,2,2,0,1,-0.462434123319177,-0.31466970493233637,1.2,0
132,1,0,1,0,0,1,1,0,2,1,0,0,1,0,1,0,1,1,0,0,-0.730839996013967,0.6113183139193638,1.2,0
133,2,0,0,0,0,0,2,0,1,0,1,0,0,0,1,1,1,1,0,0,-0.7126039709858798,0.5237845772678434,1.2,0
134,1,1,1,0,0,0,1,1,0,0,1,0,0,0,0,0,1,0,0,1,0.2654442536995229,-0.5707977766186368,1.2,0
135,1,0,1,0,1,0,2,0,0,1,1,0,1,2,1,2,2,1,0,2,0.021904173520538552,-0.3141816975685961,1.2,0
136,0,1,1,0,2,0,1,0,0,1,1,1,0,2,1,0,1,1,0,0,-0.2716227048522409,0.28877673757450845,1.2,0
137,1,0,0,1,2,1,0,0,0,1,1,1,0,1,0,0,1,1,0,0,1.8022876693528105,1.1908537688380605,1.2,0
138,1,0,0,0,0,0,1,1,1,0,1,0,1,1,1,2,0,1,0,0,0.09163804285212601,-0.27510038690929767,1.2,0
139,1,0,1,0,0,0,0,0,0,0,2,2,2,2,2,1,1,2,0,0,-0.15677045113684815,-0.5404933741821708,1.2,0
140,0,0,2,1,0,0,0,0,0,2,1,0,0,1,2,1,2,1,0,0,-0.6234456352986203,-0.8409861115196421,1.2,0
141,1,0,2,0,2,0,1,1,0,0,1,1,1,1,0,1,0,2,1,1,0.5374855353075855,1.9445289474305587,0.92041331687726,1
142,0,1,0,0,2,1,1,0,1,0,0,0,0,1,0,0,0,2,0,1,1.3130316772241843,-0.24140065273757166,1.2,0
143,1,0,1,0,0,2,2,0,1,0,1,2,1,1,1,0,1,2,0,0,-0.2674371006647383,-0.4263405735896304,1.2,0
144,1,0,2,0,0,0,0,0,2,1,2,0,0,2,1,0,1,2,0,1,0.4022336037541909,-0.25363243478930786,1.2,0
145,0,0,2,0,0,0,1,0,1,1,0,0,0,1,0,0,1,0,0,0,0.5180152710085002,0.5011724460886491,0.692763559060221,1
146,0,1,0,0,0,1,0,0,0,1,2,0,1,0,1,1,0,1,1,1,-0.16468310216096263,-0.25331287527168805,1.2,0
147,1,0,0,0,1,0,1,1,1,0,1,0,0,0,0,0,1,0,1,1,-1.0807870895508702,-1.163953379283488,1.2,0
148,0,0,1,0,1,2,1,0,0,1,1,0,1,0,1,0,0,1,0,0,-0.1579212417189875,1.1212513503040038,1.2,0
149,2,1,1,0,1,0,1,0,2,1,1,1,0,1,1,1,0,1,1,0,-0.09437706445043018,1.8337488589206357,1.2,0
150,1,1,0,0,1,1,0,0,0,0,1,0,0,1,1,0,1,2,0,0,0.4959572021137491,0.1958516678742651,1.0924203813657605,1
151,2,1,1,0,2,2,0,0,0,0,0,1,1,1,2,1,2,2,0,1,0.35621274432609124,1.0953593102156447,1.2,0
152,0,0,1,0,0,2,2,1,2,0,1,0,1,1,1,0,1,0,0,1,0.6107355447733988,-1.0820131480097832,1.2,0
153,1,1,0,0,1,1,2,0,1,0,1,1,0,2,2,0,2,2,1,0,0.04793337534729649,0.8628706478047528,1.2,0
154,0,0,1,1,0,1,2,0,0,2,0,0,0,2,1,1,0,1,0,0,-1.0692821830974182,-1.4505792343571595,1.2,0
155,1,0,2,0,0,1,1,0,2,0,2,1,1,2,1,0,1,1,0,0,0.31369993791155815,-0.48525113986580604,1.2,0
156,1,0,2,0,0,1,0,0,1,1,1,0,0,0,0,1,1,2,0,0,0.4810993815351889,0.7132206685124377,1.2,0
157,2,1,1,0,0,1,0,0,1,0,0,1,0,1,1,0,2,0,0,0,-1.464393245546359,-0.0900985726314651,1.2,0
158,1,1,2,0,0,2,1,0,1,0,1,2,0,1,1,0,0,0,1,0,0.07228215623965732,0.1141140163632465,1.2,0
159,0,2,1,0,0,0,1,2,0,2,1,0,0,1,2,0,1,1,0,1,0.33545434751581354,0.6181311938956644,1.2,0
160,1,1,1,0,0,0,0,0,1,1,1,0,2,0,2,0,1,2,0,0,0.744452410270363,-0.4382286328241137,1.2,0
161,1,1,2,0,2,1,0,1,2,0,1,1,0,0,2,0,1,0,0,0,0.40063086931588604,0.8839137630790757,1.2,0
162,1,0,0,0,1,1,1,0,0,0,2,0,1,2,1,0,1,0,1,1,0.11746479323866466,-1.97448850435247,1.2,0
163,2,1,2,1,0,0,0,0,0,2,1,1,0,0,1,0,1,1,0,1,0.35957170116632553,0.37446367064875097,1.2,0
164,0,1,0,0,2,0,1,0,0,0,1,1,0,0,0,0,0,1,0,0,1.0626258909315687,0.9042189926364642,1.2,0
165,0,1,0,1,1,1,0,0,2,0,0,2,0,1,1,1,0,1,0,2,-0.6849217138772898,-1.7099080162114566,1.2,0
166,0,0,2,0,0,0,1,0,0,1,2,0,2,1,1,1,1,1,1,0,-0.5660159552849129,0.3730986372209155,1.2,0
167,2,1,0,0,1,0,0,0,1,1,1,1,1,0,1,1,1,1,0,1,-0.816454212022716,-0.8485333569399885,1.2,0
168,2,0,1,1,2,0,0,0,0,0,2,0,0,1,1,0,0,0,0,0,-0.9734268884382661,-0.4782754148548468,1.2,0
169,1,1,1,1,1,1,1,0,0,1,2,1,1,1,2,0,1,2,0,0,-0.4043158139827765,-0.7404337521514983,1.2,0
170,0,1,1,0,1,0,0,0,0,0,0,1,0,2,0,0,1,0,1,0,-0.9693655532515336,-0.5501740349395478,1.2,0
171,1,0,1,0,0,1,1,1,1,0,0,1,1,1,2,0,2,1,0,1,0.2568427834854118,0.3186733280705958,0.8574892266926915,1
172,2,1,1,0,1,1,1,0,1,0,2,0,0,0,2,0,1,0,1,1,0.32107758508782547,-0.23696431355342873,1.2,0
173,1,0,1,2,1,0,2,0,1,1,1,0,1,0,1,0,2,1,0,0,-1.4463135928731354,-0.0363066363641662,1.2,0
174,0,1,2,0,1,1,0,0,2,1,0,1,1,0,1,1,1,2,0,0,0.24648904081722345,0.23865014490711906,1.2,0
175,1,1,2,1,2,0,1,0,1,2,0,1,1,0,0,1,0,2,0,0,0.1405706711285109,1.0193984059629142,1.2,0
176,1,0,2,0,1,0,0,0,1,1,2,0,0,2,2,1,0,1,0,0,-1.949833010754264,0.16351870674282243,1.2,0
177,1,0,1,0,1,0,0,1,1,0,1,0,0,1,2,1,0,2,0,1,0.10905992195656233,-1.117766032981967,1.2,0
178,2,0,1,0,1,1,1,0,0,1,1,1,0,0,1,0,2,0,0,0,0.1342234205303297,-1.5004565053301497,1.2,0
179,1,0,2,0,1,0,1,0,0,0,1,1,0,0,2,0,1,0,1,2,-1.0407045903988368,1.2248379426746987,1.2,0
180,0,1,1,0,0,1,0,0,1,0,0,0,2,2,1,2,1,1,0,2,-0.8540524207789648,-2.0883712458891672,1.2,0
181,1,1,2,1,1,1,1,1,1,1,0,0,0,2,0,0,0,1,0,0,-0.4171158303835787,-1.215670960315437,1.2,0
182,1,2,1,0,0,1,0,0,1,1,1,0,1,0,2,0,1,1,0,0,0.30085779369869703,0.6051388810329958,0.984722478840463,1
183,2,0,1,0,1,1,1,0,1,0,2,0,0,0,1,0,1,2,0,0,0.397447805345473,1.6284707829012732,1.2,0
184,2,1,0,0,1,2,1,0,0,0,1,0,1,2,2,0,2,2,0,1,-0.2066572350982516,-1.6251643128952253,1.2,0
185,0,0,2,0,0,0,0,2,0,0,2,1,0,2,2,0,1,1,0,1,2.4919067137180915,-0.21076982186236048,0.5719788450593605,1
186,0,0,0,1,0,1,1,0,1,1,1,0,1,2,1,0,0,0,0,1,0.7251704745526754,0.02278287799369713,1.2,0
187,1,1,0,0,1,2,0,0,0,0,1,0,0,2,0,1,0,0,0,0,-1.5037982912298278,-0.042776454998487534,1.2,0
188,1,1,2,1,0,1,1,0,1,0,0,0,0,0,1,1,1,0,0,0,-1.5330978216869025,0.1529019694919998,1.2,0
189,0,0,2,0,0,1,1,1,0,1,1,1,1,1,0,1,0,1,0,0,0.17025321816290934,0.6439580735303129,1.2,0
190,1,1,1,0,1,0,1,0,1,0,2,0,0,1,1,1,0,1,0,2,0.6043926987366012,0.28550412460135044,1.2,0
191,1,0,2,1,0,0,1,0,0,1,1,2,1,1,2,0,0,1,0,2,-0.34019185754765896,-0.7007100049087343,1.2,0
192,1,0,1,1,1,0,2,1,1,2,1,1,0,2,1,0,0,1,0,2,-1.4237003286293561,-1.6604200748803875,1.2,0
193,1,1,1,0,2,0,1,0,0,0,1,1,1,0,0,1,0,1,1,1,-0.38335789326853836,-1.635305048820297,1.2,0
194,1,0,0,1,1,0,0,1,1,0,0,0,1,0,1,0,2,2,0,0,-0.4840029437206803,-0.4183313834139213,1.2,0
195,0,0,0,0,0,0,0,0,0,0,1,0,1,1,0,0,1,2,0,2,0.8809663461664196,-0.6174452177865184,1.2,0
196,1,2,2,0,1,0,0,0,0,1,0,0,0,2,2,0,0,1,1,0,-1.6093100014258461,-1.1880460885679451,1.2,0
197,1,0,0,0,1,0,1,1,0,0,1,1,1,0,0,0,1,2,0,0,-1.2726756339143352,-0.9753499705477051,1.2,0
198,2,0,0,0,1,0,0,0,1,1,1,1,1,1,2,0,1,2,0,0,-0.10556651788012233,0.6497127831795042,1.2,0
199,1,0,0,0,0,0,1,0,1,0,0,1,0,0,1,1,1,1,0,1,0.02695688694111329,-0.025038551185900815,1.2,0
200,0,1,2,0,0,0,0,0,1,1,1,0,1,1,1,1,1,0,0,1,-0.10402755120188664,-0.03320382089557128,1.2,0
201,2,1,2,1,1,0,2,0,1,0,1,0,1,0,2,0,2,1,1,0,0.6577567663464807,0.44735135084975364,1.2,0
202,0,0,2,0,0,0,2,1,1,0,2,1,1,1,1,0,1,1,1,1,-0.2083869141578334,-1.0344736993834323,1.2,0
203,2,0,1,1,0,0,0,0,0,0,0,0,0,1,0,0,1,0,0,1,-1.609013427787722,0.34416896054599394,1.2,0
204,1,0,0,0,1,0,1,0,1,2,1,2,0,2,0,1,2,0,0,0,-1.148340924290997,0.7128448302445098,1.2,0
205,1,1,1,0,2,0,2,0,2,0,2,0,0,1,1,1,1,0,0,0,0.6372560738475944,-0.3532739572484195,1.2,0
206,1,1,0,1,0,1,0,0,2,1,0,0,1,0,1,1,0,1,0,0,1.4069020935755374,0.758568198337941,1.2,0
207,1,1,0,0,0,0,1,0,1,0,2,0,0,2,1,0,1,1,0,1,-0.4472939334695481,-0.18481031838256667,1.2,0
208,1,1,1,0,1,0,0,0,1,0,1,1,0,0,0,1,0,1,0,0,-0.8222615960815508,0.4386495615242957,1.2,0
209,1,0,2,1,0,1,1,0,0,0,1,1,2,0,0,0,2,0,0,0,-1.1736433767306726,-0.916720433531921,1.2,0
210,0,1,2,0,0,0,0,0,0,0,0,1,1,1,1,1,0,2,0,1,0.07879047083689009,1.575439092517262,0.8971021718931799,1
211,1,0,2,0,0,0,0,0,1,2,1,0,1,1,0,0,0,1,1,0,-0.26863293757427714,0.7579803608441569,1.2,0
212,2,0,1,0,1,0,1,0,0,2,0,0,0,2,2,1,0,1,0,0,-0.15794802199916705,-1.1060832279736177,1.2,0
213,1,0,1,1,0,1,1,1,1,0,0,0,1,1,1,2,1,0,0,1,-0.7907266789827606,-0.1997841808795767,1.2,0
214,2,0,0,0,0,1,0,0,0,0,2,0,0,0,0,1,1,2,0,2,1.4505236793912213,-0.25138322496380705,1.2,0
215,2,0,1,0,0,1,0,0,0,0,0,1,0,0,1,1,1,0,0,0,-1.6253709702712666,-0.017289026612852143,1.2,0
216,2,2,1,0,2,0,0,0,1,1,2,1,0,1,1,0,1,0,2,1,-0.4234502567321447,-0.5986657712183134,1.2,0
217,1,0,2,0,2,1,2,0,2,0,1,0,0,1,1,1,1,1,0,0,1.5084418246236524,1.4697772801447355,1.2,0
218,1,1,0,0,0,1,0,1,1,0,1,1,1,1,2,1,1,1,0,0,1.0581816882393358,2.4625991636263014,1.2,0
219,1,0,1,0,0,0,2,1,2,0,1,0,1,1,1,0,1,1,0,2,-0.01687513000857915,-0.3528622687059254,1.2,0
220,2,0,1,0,0,1,1,1,0,0,2,1,2,0,0,0,1,1,0,1,0.5062819625465608,-0.5433953408545724,1.2,0
221,1,0,1,0,1,0,0,0,2,0,2,0,0,0,2,1,1,0,0,1,-0.6250655899339156,-2.38215364057179,1.2,0
222,2,0,2,0,1,0,1,0,2,1,1,0,1,1,1,0,1,0,0,0,1.5424702643984127,0.6901711118795469,1.2,0
223,1,0,2,0,1,1,0,0,1,1,2,0,0,0,2,1,1,0,0,0,-0.2680129632837136,-0.9581589178004116,1.2,0
224,0,0,2,0,2,0,0,1,2,1,2,1,0,1,1,1,0,2,1,1,-0.6263210164982925,-0.2532742470809759,1.2,0
225,0,1,0,1,0,1,1,1,1,0,1,0,0,1,1,0,0,0,0,0,0.7220525967766425,0.18396195892701703,1.2,0
226,1,0,2,0,0,0,0,1,1,0,0,1,1,1,1,1,0,0,0,1,0.12773734457516833,1.9520518636449848,1.2,0
227,0,0,1,0,1,1,1,0,1,1,1,1,0,1,0,0,1,0,0,0,-0.650758066060185,0.6635028950446309,1.2,0
228,0,2,1,0,1,1,0,0,0,0,0,0,1,1,1,0,1,1,1,0,0.14958694898266184,-0.04500012682546389,1.2,0
229,0,0,1,0,1,1,0,0,2,0,1,0,0,0,1,0,1,1,1,1,-0.3485069943157809,0.34461131278210855,1.2,0
230,2,2,1,0,1,0,2,0,1,0,2,2,1,2,1,1,2,1,0,0,0.8475272259747553,-1.5956058033259293,1.2,0
231,1,1,0,0,0,1,0,0,0,2,0,0,0,0,1,1,2,1,0,0,-0.8016862372536612,0.05668343426852315,1.2,0
232,2,0,2,0,1,0,0,0,1,0,0,1,0,0,1,0,1,0,0,2,-0.06646545345261583,0.35986424856684734,1.2,0
233,1,0,1,0,1,1,0,1,0,0,0,1,1,0,0,0,1,0,0,0,0.5919676446545931,0.9225150553228726,1.2,0
234,1,0,0,1,1,0,1,0,1,0,2,0,2,0,1,1,0,0,0,2,0.9043663866961505,-0.15737918139461093,1.2,0
235,0,0,2,0,0,1,1,0,2,1,0,0,1,0,0,0,2,1,1,1,0.14829447808171228,-0.5007588460696422,1.2,0
236,2,0,0,0,2,0,0,1,0,1,1,1,0,1,2,0,0,1,0,0,-1.4063979804174962,-0.2501465476899322,1.2,0
237,0,2,2,1,0,1,1,0,1,1,0,0,0,0,2,0,1,1,1,0,-1.742644955493025,1.9223913452444656,1.2,0
238,1,1,1,0,1,1,1,0,2,0,1,0,0,1,1,0,1,2,0,0,-0.4907536946023995,0.2899317254464523,1.2,0
239,0,0,1,0,1,0,1,1,1,0,1,2,0,0,2,0,2,0,0,0,-0.08315294407650849,-0.31416760363617735,1.2,0
240,1,1,2,0,1,0,1,0,0,0,0,0,0,0,0,0,1,1,0,2,-1.031184557082279,0.15428536770534995,1.2,0
241,0,1,0,0,0,0,2,1,0,0,1,0,1,1,1,0,1,1,0,0,1.6534766285819673,-0.20315996730844682,1.2,0
242,1,0,1,0,2,0,1,0,1,1,0,0,0,0,1,0,2,2,0,1,0.24042411377211909,-0.4849709005453128,1.2,0
243,1,0,1,0,0,0,1,0,0,0,2,0,1,0,2,0,2,2,0,0,0.23334071433355996,0.40387551929202126,1.2,0
244,2,0,1,0,1,0,0,0,1,0,2,1,1,1,0,0,0,1,0,1,-0.7841606929479941,-0.9792207508347481,1.2,0
245,0,0,2,0,1,1,2,0,0,0,2,2,1,0,1,0,2,1,0,0,0.22720776053283986,-0.4511703675403447,1.2,0
246,2,0,2,0,1,0,2,0,1,0,0,1,1,0,1,0,1,1,0,2,-2.2833814326969972,-0.18308571747391295,1.2,0
247,2,0,1,0,0,0,1,0,0,1,1,0,0,1,0,0,2,0,0,0,0.12679525619115428,0.49155998436960613,1.2,0
248,2,0,1,0,0,1,0,1,2,0,0,0,0,0,1,1,0,1,0,0,0.29919479699551454,2.4695208054855606,1.2,0
249,0,0,0,0,1,0,1,1,1,2,1,0,0,1,1,1,1,2,0,0,0.31272007884684083,-1.7095166001726085,1.2,0
250,0,1,2,0,2,0,1,0,2,1,0,0,0,0,1,1,2,1,0,1,-0.7641954952156135,-0.5349458149691132,1.2,0
251,2,1,0,0,2,2,1,0,0,0,1,2,1,1,1,0,1,0,1,1,-0.7793464380524122,0.11697702802613327,1.2,0
252,1,1,2,2,1,0,2,0,2,0,2,1,1,0,1,1,0,2,0,0,0.02739489194948233,1.2478301262615297,1.2,0
253,2,1,1,1,0,1,1,0,2,1,1,0,0,1,1,1,0,2,1,1,0.2604375829359227,-0.013482872130679308,1.2,0
254,2,2,1,0,0,0,2,0,0,0,1,0,1,0,1,0,1,0,0,0,-1.085975480280851,-0.3753139332444114,1.2,0
255,1,0,1,0,0,0,0,0,1,1,1,0,2,0,2,1,2,0,0,1,-0.2991547840564576,-0.502643493254228,1.2,0
256,1,0,1,0,0,0,1,0,1,1,0,1,0,1,0,0,1,1,2,1,3.155528094546425,0.31066335172136506,1.2,0
257,1,0,2,0,1,0,1,0,1,1,2,0,1,2,2,0,2,0,0,1,-0.37678225353859146,0.1480078050954361,1.2,0
258,0,0,0,0,0,0,2,0,1,0,1,2,1,1,1,1,1,1,0,0,0.5861484079078233,-0.5992412971703636,1.2,0
259,0,2,0,0,1,2,1,1,0,0,1,0,0,1,1,0,1,2,2,1,-0.9141023614398043,-0.7392057415717719,1.2,0
260,1,1,0,0,0,1,2,0,1,0,1,1,0,1,2,0,1,0,0,1,-2.0689599823517644,-0.04887408364732293,1.2,0
261,1,2,2,0,0,1,0,0,1,0,1,2,0,1,1,0,1,1,1,1,0.29615204957261654,0.9662483657945011,1.2,0
262,0,0,0,0,1,1,0,1,1,1,2,0,1,1,2,1,1,1,0,1,0.913280523459318,-1.0411549636750845,1.2,0
263,0,1,1,0,0,1,0,0,1,1,2,0,1,1,0,2,1,1,0,0,0.32655880363618633,0.6979198466362148,1.2,0
264,2,1,2,0,2,0,1,0,0,0,1,0,0,1,1,0,2,1,0,0,-1.1550230101231704,1.1226444676399199,1.2,0
265,0,0,0,0,0,0,2,0,1,0,2,0,1,0,1,0,1,0,0,1,-1.343006512291702,-1.0742571877175193,1.2,0
266,0,2,1,0,0,0,0,0,2,2,1,1,0,2,1,0,1,1,0,0,-1.941007425522275,0.22881141821413742,1.2,0
267,1,0,1,0,0,2,2,0,0,0,1,0,0,2,1,0,2,0,0,1,-2.3026800356111,-1.6205829901598057,1.2,0
268,1,0,0,0,1,0,1,0,0,0,1,0,0,0,0,1,1,1,0,1,1.624844036767755,1.716224966052902,1.2,0
269,1,1,0,0,1,1,2,1,1,0,1,0,0,2,0,0,0,2,0,0,0.13538649525473062,0.1932606073373474,1.2,0
270,0,0,0,0,0,0,0,0,2,1,1,0,1,1,1,0,1,0,0,0,0.9683730435456847,-0.6534818334276702,1.2,0
271,0,1,0,0,1,0,0,0,0,0,1,0,0,1,1,2,1,1,0,1,-0.9617570770643458,-1.1177268003238314,1.2,0
272,0,1,2,0,0,1,0,0,2,0,0,1,0,1,1,0,1,1,0,0,-0.4972066386689719,2.0343620222498426,1.2,0
273,1,0,1,0,2,0,0,0,1,0,1,1,0,1,1,1,1,1,0,0,-0.23435557147605146,-0.6051838223418917,1.2,0
274,1,1,1,0,2,0,0,0,0,2,0,0,2,1,1,1,2,2,0,0,0.7760628791679746,3.136213259713994,1.2,0
275,1,0,1,1,0,1,1,0,0,0,0,0,0,1,1,1,1,1,1,1,-1.6119839447577875,-1.2563857261988804,1.2,0
276,1,0,0,0,2,1,0,1,1,0,0,1,2,0,1,0,2,0,0,1,0.6929378047455521,0.23491608328258157,1.2,0
277,1,1,0,0,2,0,0,0,1,0,1,1,0,0,2,0,0,1,0,0,0.21337812530656752,0.8681824016357115,1.2,0
278,1,1,1,0,1,1,0,0,1,1,1,0,2,1,1,1,1,1,0,2,1.6282008892578534,-0.892905272456763,1.2,0
279,1,1,1,0,1,0,0,0,0,0,2,1,1,2,2,0,0,2,0,1,0.5018318772084291,0.42804359130675695,1.2,0
280,1,2,1,0,1,1,1,0,1,0,2,0,0,1,2,1,1,2,0,1,1.4543580079244638,-0.14102358237724447,1.2,0
281,1,2,1,0,0,1,0,0,2,0,2,2,1,1,0,2,1,0,1,1,-0.05250324253554226,1.7835033579054107,1.2,0
282,1,0,1,0,0,0,0,0,0,0,2,1,0,0,1,0,2,2,0,2,1.8132016143902778,0.3095211725614547,1.2,0
283,1,1,1,0,1,0,0,0,0,1,0,1,2,2,1,1,0,1,0,1,-0.6245429658950791,-0.39150528695481895,1.2,0
284,0,0,0,0,1,0,0,0,1,1,2,0,1,1,0,0,2,2,0,1,1.2368382809027412,0.3745778980190079,0.7672631079855188,1
285,1,1,1,0,1,0,0,1,1,0,1,1,1,1,2,0,0,1,0,0,-0.705209184496307,1.897128690491671,1.2,0
286,0,0,1,0,1,1,1,0,1,0,1,2,0,0,1,1,1,0,0,1,0.9858620073423792,-0.5549301225765284,1.2,0
287,0,1,1,0,1,1,2,0,0,1,1,0,0,1,1,0,2,1,0,1,0.12212673916215885,0.6456730455553583,1.2,0
288,1,0,0,0,1,1,0,0,2,1,0,0,0,1,1,0,2,0,0,1,1.3322087700696712,1.800044796800448,1.2,0
289,0,0,2,0,1,1,1,0,2,0,1,2,1,1,0,0,1,0,1,1,0.1301433444600032,0.997856971177983,1.2,0
290,1,0,1,1,1,0,1,0,0,1,0,1,1,1,1,1,1,1,0,0,-0.4226643436727399,-0.4702459345535872,1.2,0
291,2,1,2,0,1,1,1,1,0,1,0,1,0,1,0,0,1,1,0,0,0.037176237071606374,2.578453077332142,1.2,0
292,1,0,1,0,1,0,0,1,0,1,0,0,0,1,1,0,1,1,0,0,0.5967787034702383,0.18774672627195677,1.2,0
293,1,0,1,0,0,1,1,1,2,1,1,0,1,2,1,1,2,0,0,1,0.24129011548765864,-0.35790695036244746,1.2,0
294,1,1,2,0,2,0,0,0,1,2,1,1,0,1,1,1,0,0,0,1,-1.5942589912326293,-1.2840378454386239,1.2,0
295,2,2,1,1,0,0,0,2,0,0,1,0,0,2,0,0,1,0,1,1,0.08934548586856839,0.03996436534762521,1.2,0
296,1,1,1,0,2,1,0,1,1,0,1,0,0,0,1,0,2,0,1,0,-0.3009890658834079,-0.21393486989060803,1.2,0
297,1,1,2,0,0,0,1,0,1,0,1,0,1,1,2,0,0,1,0,1,-1.669226824993575,0.29897729868477707,1.2,0
298,2,0,1,1,0,0,1,1,1,0,1,1,0,0,1,0,2,0,0,1,-0.7484082192753,-1.3436728028948164,1.2,0
299,2,1,1,0,2,0,1,0,2,0,1,0,0,2,1,1,0,2,0,1,-1.4856179170535764,-0.9745256393622783,1.2,0
300,0,1,1,0,0,0,0,1,1,2,1,1,0,0,1,1,2,1,0,1,1.2351843302765473,0.22353778451506287,1.2,0
301,2,0,2,0,0,0,1,0,1,0,2,0,0,1,0,2,1,2,0,0,0.4790309788021865,1.1690462621450255,1.2,0
302,2,1,1,0,1,1,1,0,2,0,1,0,1,2,0,0,1,2,0,1,-0.5424732471535515,0.7565279932256094,1.2,0
303,1,1,1,0,1,1,0,2,1,0,1,0,0,1,1,0,2,1,0,0,-1.7241447967391466,-0.9041102833948313,1.2,0
304,0,1,0,1,2,0,1,0,0,0,1,1,1,2,2,0,2,2,0,0,0.18484027299768538,-0.7472569082834521,1.2,0
305,1,0,1,0,0,0,1,0,1,1,1,0,1,0,1,0,2,2,0,1,-0.5198487814842909,0.9395133045532539,1.2,0
306,0,0,2,0,0,0,1,0,1,1,0,1,1,1,1,0,1,2,1,0,-0.21581523511552742,-0.5345561870567158,1.2,0
307,0,0,1,0,1,1,0,0,1,0,1,1,0,1,2,1,1,0,0,0,-0.06970839662563605,-1.1569384265533444,1.2,0
308,2,0,0,0,1,0,1,1,1,1,1,0,1,2,0,0,0,0,0,2,0.040939517326353654,-0.2527268687516429,1.2,0
309,1,1,1,1,1,0,0,0,0,1,2,1,0,1,1,1,1,0,0,0,-0.3039950954042936,-1.0376011258625395,1.2,0
310,1,1,2,0,0,1,1,1,1,1,0,0,0,2,2,1,0,2,0,0,1.3096697871561853,0.7527589408252812,1.2,0
311,1,0,0,0,2,1,1,1,1,0,0,1,0,0,2,1,2,2,1,0,0.6955835954935184,-0.6132470476161628,1.2,0
312,1,1,1,1,1,0,1,0,1,1,1,1,0,2,0,0,2,0,0,1,-0.46554002492643753,-1.5481765924404551,1.2,0
313,0,0,1,0,1,1,1,0,2,1,1,1,2,1,1,1,0,0,1,1,-0.6052929386528628,-0.09355579962185795,1.2,0
314,1,1,0,0,0,0,1,0,1,1,0,1,0,0,1,1,1,0,0,2,0.3812556013789638,-0.06691850931255247,1.2,0
315,0,0,1,0,1,1,0,0,1,1,0,0,0,1,1,0,2,0,0,0,0.28007397412318563,0.14537861103273728,1.2,0
316,0,0,0,0,1,0,1,0,1,0,1,2,0,2,1,0,0,0,1,0,1.0738604160703624,1.8250090436945645,1.2,0
317,1,1,2,0,0,1,2,1,0,1,1,0,0,1,1,0,2,1,0,1,0.23934899070911006,-0.10473832870602409,1.2,0
318,1,0,2,0,1,1,2,0,1,1,1,0,0,0,1,0,1,1,0,0,0.031433215394646906,0.8149537665265465,1.2,0
319,1,1,1,0,0,1,0,0,1,1,2,0,0,1,2,0,1,1,1,0,-0.5023849701692541,-0.3404265373130268,1.2,0
320,1,1,1,0,0,1,0,0,1,1,2,1,0,1,1,0,0,1,0,0,-1.6590024911056662,1.4951680839773598,1.2,0
321,1,0,0,0,1,1,0,1,2,2,1,0,0,0,1,0,1,2,0,1,-0.6940023617091273,-0.7868478747783944,1.2,0
322,0,0,2,0,1,0,2,0,1,1,2,0,0,1,1,0,1,0,0,0,-0.9870108597394752,-1.6980357061122362,1.2,0
323,1,1,2,0,0,0,2,0,1,0,1,0,2,1,1,0,0,0,0,0,-0.5807062331970485,0.6022906221945896,1.2,0
324,1,0,0,0,0,1,1,1,1,0,1,1,0,0,0,0,1,0,1,1,-0.07351013239947612,0.9409741414454782,1.2,0
325,2,0,2,0,2,0,0,0,1,1,1,0,1,2,1,1,1,1,0,1,0.04002011490055171,0.15810712913029906,1.2,0
326,0,2,1,0,2,0,2,0,2,0,1,0,0,1,1,1,2,2,1,0,1.0597385741801664,1.0840221299353336,1.2,0
327,0,1,1,0,2,0,1,0,1,1,0,0,1,1,1,0,1,1,0,1,1.2659330463001002,-0.5773539192733689,1.2,0
328,1,0,0,0,1,1,0,0,1,0,0,0,0,1,1,0,1,1,1,2,-1.9607556150013072,0.06297620556395239,1.2,0
329,1,1,1,0,1,0,1,1,1,1,2,0,1,1,1,0,2,2,1,1,0.23136849957708558,0.8961850448295408,1.2,0
330,0,2,0,0,1,0,2,0,2,0,1,0,0,1,2,1,2,2,0,1,1.816943918803406,0.7490451835071666,1.2,0
331,2,1,0,1,0,0,1,0,2,1,1,1,0,0,1,2,1,0,0,1,-0.5880531507211482,-0.18805855016001677,1.2,0
332,1,2,1,0,0,0,1,0,0,1,2,0,0,1,1,1,0,1,1,0,1.2949629627232828,-0.782712817527196,1.2,0
333,2,1,0,1,1,1,2,0,1,1,0,0,0,0,1,0,2,2,0,0,1.8189302985483164,2.2443078063189184,1.2,0
334,0,1,0,0,0,1,0,1,1,2,0,0,0,1,1,1,2,0,0,1,2.24555469263791,0.1957174091933762,1.2,0
335,2,1,2,0,1,0,0,0,1,1,2,1,0,0,1,0,0,0,0,2,1.278444939484277,1.0037653918322684,0.8323380114039797,1
336,2,1,1,0,0,0,1,1,1,0,1,1,2,1,1,0,0,1,1,1,2.042622630314229,2.016969590022997,1.2,0
337,2,1,0,0,0,0,1,0,1,1,1,1,0,0,1,0,2,1,0,1,0.12378110627538862,1.1714851651780578,1.2,0
338,1,1,1,0,2,0,0,0,0,0,1,0,0,2,1,0,0,2,1,1,-0.45517823037409527,0.9761282245917506,1.2,0
339,1,0,1,0,0,0,0,0,0,0,1,1,0,0,2,1,2,1,1,0,-0.4743950387589921,0.6426932697366822,1.2,0
340,1,1,0,0,1,1,2,2,1,0,0,0,1,0,1,2,1,0,1,0,0.10982853546705543,1.0374733465131054,1.2,0
341,1,1,1,0,1,0,0,0,1,1,0,0,1,0,1,1,2,2,0,0,0.6169875280113163,-0.5033141388440389,1.2,0
342,1,1,0,0,0,1,0,0,0,0,1,0,1,1,0,1,0,1,0,1,1.3809760877164932,1.9697397585812668,1.2,0
343,1,0,0,0,0,0,1,0,2,1,1,1,1,0,0,0,0,0,1,1,1.1499376681780582,1.1945737486913177,1.2,0
344,1,0,2,0,1,1,2,0,1,1,0,1,1,1,1,0,1,1,1,0,-0.6275531360885366,-0.7294238296723394,1.2,0
345,1,2,2,0,1,1,0,0,1,2,1,0,0,1,1,0,0,0,0,1,-1.2415517436015597,0.31342113535944505,1.2,0
346,1,0,2,0,0,0,1,0,2,2,0,0,1,1,2,0,1,1,1,1,0.01967670702045519,2.2400071813340143,1.2,0
347,1,1,1,0,1,0,1,0,0,1,0,0,0,0,0,0,1,0,0,0,1.340862959455414,1.8054519691745483,1.2,0
348,2,1,2,1,1,0,0,0,0,0,1,1,0,0,2,0,0,2,0,0,-0.012366033864726638,1.6267678336559692,1.2,0
349,0,2,2,0,1,1,1,0,0,1,1,0,1,1,1,0,2,1,1,2,-0.02165738204375599,0.9843682398491477,1.2,0
350,0,1,1,0,0,1,2,0,0,1,2,0,0,0,2,0,2,0,1,0,-1.0538064871442392,0.9342807849109465,1.2,0
351,1,1,0,0,0,1,1,0,2,2,1,0,2,1,1,1,0,1,0,0,-1.1415195882583526,0.7222259431943503,1.2,0
352,1,0,0,1,0,1,2,0,0,0,0,0,0,2,2,1,2,2,0,0,-0.3084343213367904,-0.06019930130686904,1.2,0
353,2,0,0,0,0,0,1,0,1,0,1,0,1,0,1,0,0,1,0,0,0.9563459878081946,1.0621827530295729,1.2,0
354,1,0,1,0,0,0,0,0,0,0,1,1,1,0,1,0,1,1,0,2,-1.5803150309181906,1.30865559271628,1.2,0
355,2,1,0,1,1,1,0,1,1,1,0,1,0,1,1,1,1,0,0,0,-0.4244319358803856,-1.4140970567810653,1.2,0
356,0,0,2,0,0,0,2,0,0,0,1,2,0,0,1,0,2,1,0,0,0.06815309637873505,1.3535752152689473,1.2,0
357,0,1,2,0,1,0,1,0,1,1,1,1,0,0,1,1,0,1,0,1,0.8530107013443574,1.3963530429260103,1.2,0
358,2,1,1,0,0,0,1,0,1,0,1,1,0,1,2,1,0,0,1,0,0.1234983416868238,-0.4001968954503793,1.2,0
359,2,1,1,0,0,0,1,2,2,0,1,1,0,1,2,0,1,2,1,0,0.4193934876658962,0.45346013488888304,1.2,0
360,1,1,2,0,0,0,1,0,1,0,0,0,0,2,2,1,1,1,1,0,-0.6353629395642548,1.5995858835216403,1.2,0
361,0,0,1,0,0,1,2,0,1,1,2,0,1,0,2,0,1,1,0,0,0.6980626958458219,0.32231046012264,1.2,0
362,2,1,1,0,0,1,0,0,1,1,1,1,0,1,1,0,1,1,0,1,0.38941698935116387,-0.5689761520634774,0.8460847675793444,1
363,1,0,0,0,1,2,0,0,1,1,1,0,0,1,1,0,1,0,0,0,-2.3656219165093706,-1.944448013096303,1.2,0
364,2,1,0,0,0,1,1,0,0,1,0,1,0,1,1,0,0,1,0,0,-1.1100034931855465,0.8369066784988393,1.2,0
365,1,0,1,2,0,0,1,0,2,0,1,2,2,1,0,0,1,1,1,0,-0.35570336549614917,-0.1654199580209237,1.2,0
366,2,0,1,0,1,0,1,0,1,0,2,1,1,2,1,1,2,2,1,0,0.42446012739207367,0.41437612030864984,1.2,0
367,0,1,1,1,0,0,1,0,1,0,1,0,0,1,1,0,1,1,1,0,2.148999768745122,0.09838145776902019,1.2,0
368,1,2,0,0,0,0,1,0,0,0,0,2,1,0,1,1,1,1,0,1,-0.980988572423553,-0.1716341003084867,1.2,0
369,2,1,2,1,0,0,1,0,2,1,2,0,1,0,0,0,0,2,0,0,0.871201763905839,0.5502846539474586,1.2,0
370,0,1,2,0,1,0,0,0,2,1,2,1,1,0,2,0,0,1,0,1,-1.4787787721922265,0.8146464446356336,1.2,0
371,1,0,2,0,0,1,1,1,1,2,1,0,0,1,2,0,1,1,0,0,0.9009240421702331,0.5395897895016413,1.2,0
372,1,0,2,0,1,0,2,0,0,0,0,1,0,0,1,1,1,1,0,0,-1.5820042826877023,0.8428951364606275,1.2,0
373,0,2,2,0,0,0,2,0,2,1,1,0,0,1,2,0,2,1,0,1,-1.8125780399798623,-0.24606694783983674,1.2,0
374,1,0,2,0,0,0,1,0,2,0,1,0,0,1,0,1,2,2,0,2,0.18883372360282624,-0.2647150348321467,1.2,0
375,0,0,0,0,0,1,0,0,0,1,2,1,1,0,2,1,1,2,0,1,-0.9070588194699964,-0.38491141738174245,1.2,0
376,0,0,0,0,0,0,0,0,1,0,0,1,0,0,1,0,0,2,0,0,0.44006761115048515,0.7345501631228162,1.2,0
377,1,2,0,0,0,0,0,1,1,1,1,1,0,2,0,0,1,0,0,0,0.2094407230748322,1.9410595945764417,0.4003720957287154,1
378,1,0,1,0,1,1,2,0,0,1,2,0,2,1,1,1,0,2,2,0,-1.305642592085935,-0.40230413482196065,1.2,0
379,2,0,2,0,0,1,2,1,0,0,1,0,0,2,0,0,1,1,0,0,0.021714507596992703,0.2101008870015899,1.2,0
380,1,0,2,1,1,0,1,0,2,2,2,0,0,1,1,0,2,2,0,0,1.2982119770170788,0.35478207281742336,1.2,0
381,0,1,0,0,0,1,0,1,0,0,1,1,1,1,0,1,1,1,0,2,1.2240648332521937,-0.37200705028583747,1.2,0
382,2,0,0,0,0,0,0,0,1,1,2,1,1,1,1,0,0,2,0,0,-0.04827582357884004,-0.26013620017032874,1.2,0
383,0,0,1,0,1,1,2,0,0,0,0,0,1,0,1,0,2,0,0,0,1.2645667713503408,0.7060659897691131,1.2,0
384,2,0,1,0,0,2,1,0,2,1,2,1,0,1,1,0,1,0,1,0,-1.9725303245598687,-0.500818061638275,1.2,0
385,0,0,1,0,0,0,0,0,0,1,0,0,0,0,1,0,2,2,0,0,0.5517729182527219,1.1305792706455278,1.2,0
386,0,1,1,0,0,0,0,0,0,2,0,0,1,0,1,1,0,1,0,0,-0.5081623968836305,-0.17889130761119681,1.2,0
387,2,1,1,1,2,1,1,0,2,0,0,0,1,1,0,0,1,1,1,1,-0.9797737382977819,-1.393659380792872,1.2,0
388,1,0,1,0,0,0,1,0,1,1,1,1,0,1,1,0,1,1,0,2,-0.43500404155423644,0.49003006258027015,1.2,0
389,2,1,2,0,1,0,2,0,0,1,0,1,0,1,1,1,2,1,0,0,-0.7820134928767253,1.1493510765104082,1.2,0
390,2,2,1,1,0,0,1,2,1,0,1,1,0,1,0,0,1,2,1,1,-0.6363261140360892,-0.7093133934108025,1.2,0
391,2,0,1,0,1,0,1,0,1,0,1,0,1,1,0,0,2,1,0,1,1.3510803193766447,0.4443317115795895,1.2,0
392,0,0,0,0,0,1,0,0,1,0,1,0,1,2,2,1,1,0,0,0,-0.03772688395400333,-1.1256033898384956,1.2,0
393,1,0,2,0,0,0,0,0,0,0,2,1,1,1,2,1,1,1,0,1,0.16048169079910451,0.12499735797758113,1.2,0
394,0,2,1,0,0,1,1,0,2,1,1,0,1,1,0,0,1,0,0,1,-0.5375609062294001,-0.9144595938028005,1.2,0
395,1,0,0,2,0,0,1,0,2,0,1,0,0,0,2,0,2,2,0,0,0.3623397371923812,0.3039734125938012,1.2,0
396,2,2,1,0,0,0,1,0,2,0,2,0,0,1,2,1,1,0,0,0,-1.1476711505607822,0.09425980252051613,1.2,0
397,0,0,2,0,1,0,1,0,0,0,0,1,0,2,1,0,1,1,0,0,1.7128129419974234,-0.10361241495548057,1.2,0
398,1,1,0,1,0,0,0,0,1,1,2,0,0,1,0,0,2,0,0,2,0.26193201322903215,-1.1155283163602485,1.2,0
399,1,1,2,0,1,1,1,1,1,1,2,0,2,1,2,1,1,0,0,1,0.7595955768944425,-1.9570335611703278,1.2,0
400,1,0,1,0,0,0,0,0,1,0,1,1,0,2,1,0,1,1,0,1,0.42757006070170317,-0.25605239732356483,1.2,0
401,2,1,1,0,2,1,1,0,2,1,1,0,0,1,1,0,1,1,0,0,0.0683283908556519,-0.5717341943086768,1.2,0
402,0,0,1,0,0,0,1,0,1,1,1,1,0,0,1,1,1,0,0,0,-0.12188165801711726,0.77397964513459,0.5987022019087334,1
403,1,0,1,0,1,1,0,0,0,0,2,2,2,2,1,0,1,2,0,0,-0.33993763868859567,-1.0449318085552028,0.5794593996398846,1
404,2,0,2,0,1,1,1,0,0,1,1,1,1,2,1,1,1,2,0,0,1.2676465888548445,0.6279647293003772,1.2,0
405,1,0,0,0,0,0,0,0,1,1,2,1,0,0,1,1,0,2,1,1,-0.7260887857052145,0.02831920108158047,1.2,0
406,1,0,2,0,2,1,0,1,1,0,0,0,0,0,1,0,0,2,0,2,-1.8025763314201735,-0.6791281450882117,1.2,0
407,2,1,1,0,1,1,1,0,2,0,2,1,1,1,1,0,1,0,0,0,-0.9756579504696474,0.7104343912404509,1.2,0
408,2,1,1,1,0,1,1,0,0,1,0,1,1,1,1,1,2,1,0,0,-1.9751654601025732,0.18428778070453233,1.2,0
409,0,1,2,0,0,0,2,1,1,1,1,0,2,0,0,2,1,1,0,1,0.33584233749676656,-0.6570969743401629,1.2,0
410,2,1,0,0,0,1,2,0,0,2,1,1,0,0,1,1,1,0,0,1,1.8551799149465655,-0.18857928047730582,1.2,0
411,2,0,2,0,0,0,0,1,2,1,0,1,1,0,2,0,0,0,0,0,0.8340786159025528,1.5002139391679168,1.2,0
412,1,0,1,0,0,0,0,0,2,1,1,1,0,1,1,0,0,1,0,0,-0.18377086391143288,-0.5884833130704523,1.2,0
413,2,0,1,0,0,1,1,0,1,0,1,1,1,1,2,0,1,1,0,1,0.6627541780720833,-0.4423330058657646,1.1721497267671563,1
414,0,0,1,1,0,0,1,0,1,1,0,1,1,2,2,0,1,1,0,2,-1.3109647841121488,-1.898773667299437,1.2,0
415,0,0,0,0,0,1,0,1,1,2,2,0,0,0,1,0,2,1,0,0,-2.171435679077836,-1.256695794288814,1.2,0
416,1,1,0,1,1,0,1,0,1,1,1,1,1,1,2,0,2,1,0,0,-0.890417430619745,0.3344884379702997,1.2,0
417,2,0,1,0,0,2,1,0,1,0,0,1,1,1,1,0,1,2,0,2,-1.4930978000254258,-0.9347664250627865,1.2,0
418,1,0,2,0,1,1,2,0,1,2,1,1,0,0,0,0,1,2,0,1,-0.4360248315409586,0.30303520638475545,1.2,0
419,2,0,2,0,1,0,2,0,2,0,2,0,1,2,1,1,1,0,1,0,0.37579233207517604,-0.7651659103483113,1.2,0
420,1,1,1,0,0,0,1,1,1,0,0,0,1,1,1,1,2,0,1,0,0.030992208546076958,-0.3437597885087859,1.2,0
421,2,2,0,0,1,0,0,0,2,1,0,1,0,1,2,0,1,1,0,2,-1.0177329278000804,0.3979834574082388,1.2,0
422,2,1,0,0,1,0,1,0,1,1,0,0,1,0,1,0,0,2,1,1,1.5630572658589192,0.4763793923538878,1.2,0
423,1,1,1,1,1,0,0,0,2,1,2,0,0,2,2,0,1,0,0,0,0.8121585351341395,0.2396822342025851,1.2,0
424,1,1,2,0,1,0,1,0,1,1,0,0,1,1,2,1,0,2,0,0,-0.41675813666674777,0.25159624263307656,1.2,0
425,0,1,1,0,0,0,1,0,1,1,0,0,0,1,1,1,1,2,0,1,0.004544633375795299,-0.5976428955351402,1.2,0
426,1,2,1,0,1,0,1,1,1,0,1,2,0,1,0,0,2,2,0,1,-0.06373094697207835,0.3810440704614724,1.2,0
427,1,1,0,0,1,1,1,0,2,1,0,0,1,2,1,1,2,1,1,0,-0.07263304525752462,-1.4226189611100313,1.2,0
428,1,1,1,0,0,0,0,0,1,0,1,0,1,1,1,0,2,1,0,0,1.0334320916606823,-0.9173389006617096,0.9315768018090747,1
429,1,2,1,0,1,0,2,2,0,2,0,1,0,1,1,1,1,1,0,1,-0.393747215945678,0.43613419485932287,1.2,0
430,0,0,1,0,0,1,1,0,0,0,0,1,0,1,2,1,2,0,1,0,0.21341748532212432,0.8169350230293129,1.2,0
431,1,1,0,0,1,1,1,0,1,1,1,0,1,1,1,0,0,1,0,0,1.0640222592175537,-1.1201835893974679,1.2,0
432,0,0,1,0,0,0,0,0,1,2,0,1,1,0,2,0,2,0,0,1,-0.4130056166199726,-1.8255719347598207,1.2,0
433,0,0,1,0,0,0,2,0,0,0,1,1,0,1,1,0,0,0,1,0,-1.108965061026312,-0.10061909877631836,1.2,0
434,1,1,0,0,0,1,0,1,1,1,1,0,2,0,2,0,2,2,0,0,0.619115128673119,-1.0261235848026786,1.2,0
435,1,1,0,0,1,1,2,0,1,1,1,0,0,1,0,1,1,0,0,1,-1.8007714563849886,-1.7884116892418929,1.2,0
436,1,1,1,1,0,2,2,1,2,1,1,0,0,2,0,0,1,1,0,0,-0.24736033629226067,0.3964082993756511,1.2,0
437,0,1,0,0,0,0,0,0,0,0,1,0,0,2,1,1,2,0,0,0,-1.4763410627446432,-1.861603266316112,1.2,0
438,2,0,2,0,2,1,1,0,0,0,1,0,0,2,1,0,0,2,0,0,1.469552344332136,1.1644310038004901,1.2,0
439,1,0,1,0,0,1,1,0,0,0,1,1,0,0,1,0,2,1,0,0,-0.3649274914636329,0.23746912740922377,1.2,0
440,1,0,1,0,1,2,2,0,1,0,0,2,0,2,1,1,1,1,0,0,0.951364131683907,2.1476005582192452,1.2,0
441,1,0,0,0,0,0,1,0,0,0,1,0,0,1,2,0,0,2,0,1,-0.20371127727171828,0.5375315254324232,1.2,0
442,1,0,1,0,0,0,0,0,1,0,1,0,0,1,1,0,1,1,1,1,1.6573503526642346,1.0851652666374176,1.2,0
443,0,0,2,0,0,1,0,0,2,1,1,2,1,1,0,0,0,2,0,0,-0.0776802708302336,0.5046459699679452,1.2,0
444,1,0,2,1,2,1,2,1,0,0,2,1,1,0,2,0,1,0,0,1,1.6745871929048397,-0.19485861812384947,1.2,0
445,1,0,1,0,0,1,1,0,1,1,1,0,0,1,1,1,1,2,0,1,1.018709590962504,0.16060166918291,1.2,0
446,0,0,1,1,0,1,0,0,1,0,0,0,0,0,1,1,2,1,0,0,-2.447661548517829,0.520319651008812,1.2,0
447,2,1,1,0,0,1,2,0,1,1,1,0,0,0,2,1,0,1,0,1,0.6363161387374413,-0.9322645081127906,1.2,0
448,1,2,1,0,0,1,0,0,1,0,0,1,0,2,1,0,1,1,0,0,1.5440110996248853,-0.6887586206719521,1.2,0
449,1,0,0,0,0,1,2,0,1,1,1,1,0,0,0,0,1,1,2,1,0.07149270489202958,2.372280505546977,1.2,0
450,1,1,0,0,1,0,2,0,1,1,0,1,1,1,1,1,1,1,1,2,1.9319094715000527,0.5781472723022967,1.2,0
451,1,0,1,0,1,0,0,0,0,1,1,0,1,0,1,0,2,0,1,1,-1.2877128298788343,0.35841568798972756,1.2,0
452,0,1,1,0,1,0,1,0,0,1,1,2,0,0,0,1,0,1,1,0,0.337288928253165,0.03411598676478922,1.2,0
453,1,1,2,0,1,0,1,1,0,0,1,2,1,0,2,0,2,1,0,1,-0.3656676853252779,-0.15752076672362472,1.2,0
454,1,0,1,0,1,0,0,1,0,0,0,1,1,2,1,0,2,0,0,1,0.9267356798002404,1.4203242451256022,1.2,0
455,2,0,0,1,1,0,0,0,0,2,0,1,0,2,1,1,0,1,0,1,0.5240406358303378,0.04450301963912506,1.2,0
456,1,0,1,2,1,0,2,0,1,0,2,2,0,1,1,1,1,2,0,1,-0.995715487017351,-0.7458089076779133,1.2,0
457,1,1,1,1,1,0,1,1,1,2,2,1,2,0,2,1,1,2,0,1,1.0285987201523812,1.0242644385187107,1.2,0
458,0,1,2,0,0,1,2,1,1,0,1,0,0,1,0,0,1,0,1,1,-0.9082879254528914,-0.6355205715279436,1.2,0
459,0,0,2,0,0,0,1,1,1,1,1,0,0,1,1,0,1,1,0,2,0.3330180371895503,1.6111985873518218,1.2,0
460,0,0,1,0,0,0,0,0,1,0,0,1,0,2,1,0,1,1,0,1,-0.6054385087970622,-0.9195271779783404,1.2,0
461,1,1,0,0,2,0,1,0,1,0,0,1,0,0,0,1,1,1,1,1,-0.7465825717273403,0.7082952476467914,1.2,0
462,0,1,1,0,0,0,1,0,0,0,1,0,1,1,0,0,0,0,0,0,0.004722845535288134,-0.47992311238218677,1.2,0
463,1,1,0,1,0,0,1,0,1,2,1,1,1,0,0,0,0,0,0,1,1.1517034420691454,0.8397262275890528,1.2,0
464,1,0,0,1,0,0,1,0,1,1,2,0,0,1,0,1,1,1,1,0,-1.8731869134155301,-2.149643841471047,1.2,0
465,0,1,2,0,0,1,2,1,0,1,1,1,1,1,1,0,1,1,1,1,-0.12332716767371733,-0.744983622347694,1.2,0
466,2,2,0,0,1,0,1,0,2,0,1,1,0,1,0,1,1,0,0,0,-1.8993815724589738,-1.0426117614444914,1.2,0
467,1,0,1,1,1,0,0,1,2,0,0,1,1,1,1,0,2,1,1,0,-0.30204027023749824,-0.8547942521813352,1.2,0
468,1,1,2,0,2,1,1,0,0,0,1,1,0,1,1,0,2,2,1,1,0.14123783024791556,-1.8885772337881326,1.2,0
469,2,1,0,0,1,1,1,1,2,0,2,0,0,2,2,0,0,2,1,1,0.3572410949994715,-0.2612675351434357,1.2,0
470,1,0,1,0,0,0,1,0,0,1,1,0,0,0,0,0,1,1,1,0,-0.5880021390233038,0.5038068809533529,1.2,0
471,1,0,0,0,0,2,1,0,1,0,1,0,0,0,0,1,1,1,1,0,-1.665560603691151,-1.029884609522478,1.2,0
472,1,1,1,0,2,1,1,0,1,0,1,0,0,0,0,0,0,0,1,1,0.007033211434844777,-0.4872378016978658,1.2,0
473,1,1,1,1,2,2,2,0,2,0,0,1,0,0,0,1,1,2,0,0,1.01052005339531,-0.05407251018187781,1.2,0
474,1,0,2,1,0,0,0,0,1,0,1,1,1,0,0,1,1,1,0,0,-0.041577825770862206,-1.5189703840949176,1.2,0
475,1,0,2,0,0,0,1,0,0,1,1,1,0,0,2,0,2,1,0,0,0.2504151706348808,-0.8767625316223873,1.2,0
476,0,2,0,0,0,0,2,0,0,1,1,1,0,1,1,1,1,1,1,2,0.3384873671600776,-1.294496817287937,1.2,0
477,2,1,1,0,1,0,1,0,1,2,1,0,1,1,1,0,2,1,0,0,-0.04475735837663255,1.13692062823301,1.2,0
478,0,0,1,0,1,0,0,0,0,2,1,0,0,1,1,1,2,0,0,0,1.5892381355957195,-0.007467804529288857,1.2,0
479,1,1,1,0,1,1,1,1,0,0,2,0,1,0,1,1,1,1,0,0,0.42245079204886204,-0.8979527675240293,1.2,0
480,0,0,1,1,1,0,1,0,0,0,1,2,0,0,0,0,1,1,2,1,-1.203401433178885,-1.4884254177326817,1.2,0
481,1,1,1,0,0,2,0,1,1,2,1,0,1,0,0,1,1,2,0,1,-1.509403895558653,1.3867964712627088,1.2,0
482,2,0,1,0,0,1,1,0,0,1,1,1,1,1,1,0,1,1,0,0,-1.2376936990516552,-0.43211279472114666,1.2,0
483,1,0,1,0,1,1,0,0,0,1,1,2,1,2,1,2,2,2,0,1,-0.16339652733611285,-0.47632575053368675,1.2,0
484,1,1,2,1,0,1,0,0,1,0,1,1,1,1,0,1,2,0,0,1,1.4909156069001024,0.5795240946128448,1.2,0
485,1,0,2,0,0,0,2,0,2,1,2,1,0,1,1,0,2,2,0,1,-0.6190399999146143,-1.2201479308169338,1.2,0
486,1,0,1,0,1,0,1,0,1,1,1,1,0,0,0,0,0,1,0,1,-0.7774366665159737,0.04626181088660988,1.2,0
487,1,1,1,0,2,0,1,1,1,1,1,2,1,0,2,0,1,1,0,1,0.7088305238700296,-1.0227235458072357,1.2,0
488,1,1,0,0,1,0,0,0,1,0,1,0,0,0,1,0,0,1,0,1,-0.3180610439130042,0.6797378179221005,1.2,0
489,0,0,1,1,1,0,1,0,1,1,1,1,0,1,2,0,1,1,1,1,-0.020748909133198004,1.072302013262581,1.2,0
490,2,0,1,0,2,1,1,0,1,1,1,1,1,1,1,0,1,0,0,1,-0.6448894773713768,-0.676971756015303,1.2,0
491,0,0,2,1,0,1,1,0,0,0,1,0,1,2,2,1,2,1,0,0,-1.2482804132277598,0.8196051154857901,1.2,0
492,0,1,1,0,0,1,0,1,1,1,1,0,0,0,1,0,2,1,0,0,-1.6147613213202257,-1.965363070473738,1.2,0
493,0,1,1,0,1,0,0,0,1,1,1,1,0,0,1,1,1,0,0,1,1.1898494900740328,1.4706928955684442,1.2,0
494,0,1,1,0,1,1,2,0,1,0,1,0,0,2,1,1,1,2,0,0,-1.5825814591401723,-1.2751453499279075,1.2,0
495,2,0,0,0,0,0,1,0,1,1,0,0,1,0,2,1,2,1,1,1,0.038502454518633156,0.8355943396224778,0.8716789708036542,1
496,0,1,1,0,0,0,1,0,1,0,1,1,0,1,0,0,2,2,1,1,-1.0923732870995555,0.21494028437024715,1.2,0
497,1,1,0,0,0,0,0,0,2,1,0,1,0,1,2,0,2,2,0,1,0.454648992599572,-0.7857472709339087,1.2,0
498,1,1,0,0,0,1,1,0,2,1,1,0,1,0,0,0,2,2,1,1,-1.330444975304165,0.04102253722699345,1.2,0
499,2,1,2,0,0,1,1,1,0,0,1,1,0,1,2,2,1,2,1,1,1.7627386518721415,-0.5207174098091716,1.2,0
500,2,1,1,0,0,0,0,0,0,2,1,0,0,2,0,0,0,1,0,1,0.5535702337699987,0.9068126326905194,0.7022278270342168,1
501,2,1,1,0,0,1,2,0,0,1,0,0,0,0,1,0,0,0,1,1,-0.1324124926749076,-0.9158502636414756,1.2,0
502,0,0,1,0,1,0,0,0,1,1,1,1,0,0,2,0,0,0,1,0,-1.3129660345730232,0.9536004152068923,1.2,0
503,1,0,1,0,1,0,1,0,2,1,0,0,0,2,1,1,1,0,0,1,0.6570449334801792,0.3660264599662653,1.2,0
504,1,1,1,0,0,0,1,0,0,0,1,0,0,0,1,1,1,2,0,0,-1.8320867553389464,-0.5661410325754872,1.2,0
505,2,0,2,0,0,1,1,1,2,0,2,0,1,0,1,0,2,2,1,1,0.29233940397714353,0.6678982704936293,1.2,0
506,1,0,0,0,1,0,1,0,2,0,0,0,0,1,0,0,2,0,0,2,-0.6517526369912708,0.5330647193152684,1.2,0
507,1,0,2,0,1,0,2,0,2,0,0,0,0,1,1,0,1,0,1,0,1.5688785013082596,0.8978948279702745,1.2,0
508,1,0,1,0,0,0,2,0,2,1,0,2,0,1,0,0,1,0,0,0,0.8047265147928586,0.9644066546683602,1.2,0
509,0,2,1,0,0,0,1,0,0,0,0,1,1,0,2,0,0,0,0,0,0.8768254853151681,0.8363812219212321,1.2,0
510,1,0,1,0,1,0,1,0,1,0,1,1,1,2,2,0,2,0,0,0,0.5592593064605808,0.7051990099393644,1.2,0
511,2,0,0,1,0,0,1,1,2,1,1,0,0,0,1,0,1,1,1,1,-0.4024562012699559,-1.32280977978299,1.2,0
512,1,1,2,0,0,0,2,0,2,1,1,0,0,0,1,1,1,1,0,1,0.5971587533937849,1.2697083550492618,1.2,0
513,2,0,0,0,2,0,1,0,0,1,2,0,0,1,0,1,0,1,0,2,-1.01883481275446,-0.40302659013940734,1.2,0
514,0,2,1,1,1,1,0,0,1,1,2,0,0,0,0,0,0,1,0,2,-1.3461208987579645,-1.628200757226327,1.2,0
515,1,1,2,0,1,0,1,0,0,1,1,0,0,0,1,0,1,1,0,1,-0.5245001658788081,0.49743611857204484,1.2,0
516,2,0,0,0,1,0,2,1,2,2,0,0,1,0,1,1,0,0,0,1,0.9767965489271301,-1.3268007075961759,1.2,0
517,1,0,2,0,2,1,2,0,1,1,1,1,0,0,0,0,1,0,0,1,-0.25481984084642295,-1.1072290927761177,1.2,0
518,2,1,1,0,1,0,1,0,2,1,0,1,1,1,1,0,2,1,0,0,-0.36224237126052883,-0.44489791603110407,1.2,0
519,2,0,1,0,1,0,2,1,2,1,1,0,0,0,2,0,1,1,1,1,-0.5756752958766418,0.3113031829270417,1.2,0
520,2,1,0,0,0,1,1,1,1,0,0,0,2,1,1,0,0,1,0,2,1.187352557814552,0.5334101310303053,1.2,0
521,0,1,1,0,1,0,1,0,2,0,1,0,1,1,2,1,0,1,0,0,1.2263338270873394,0.06532423193337558,1.2,0
522,0,0,1,1,2,1,0,0,1,0,2,0,1,0,1,1,1,2,0,1,1.37423575572528,-0.6586170728127712,1.2,0
523,2,0,2,0,1,0,1,0,1,1,2,0,0,2,1,2,1,1,0,1,-0.8269008175196507,-1.863192430581786,1.2,0
524,2,0,1,0,0,1,0,1,2,2,0,1,0,2,0,1,1,2,0,1,-1.256003952995363,-0.7765691647123264,1.2,0
525,2,1,1,2,2,0,0,0,0,0,1,0,1,0,0,0,0,1,0,1,0.6736407904067839,1.252833033501165,1.2,0
526,0,0,2,1,1,0,1,0,1,1,2,0,1,0,2,1,1,1,0,0,0.8246414465453663,-0.5841736785414717,1.2,0
527,0,2,1,0,1,0,0,0,2,0,2,0,1,0,1,0,0,1,0,2,-0.8414463706261339,-2.2752829839462345,1.2,0
528,1,0,0,0,0,0,0,0,1,1,2,0,1,1,2,1,0,2,0,0,-0.7928545064296066,0.14237831545698687,1.2,0
529,0,0,1,0,1,0,1,0,0,0,0,2,1,0,0,1,0,1,0,0,-1.0206929440708,-0.5464519360110105,1.2,0
530,0,0,1,0,0,0,0,0,0,0,0,0,0,1,1,1,2,1,0,0,1.1607810437615975,0.7752239332100426,1.2,0
531,1,1,0,1,0,1,2,2,0,0,2,1,1,1,0,0,1,2,0,1,0.20846995913718747,0.13341693282843203,1.2,0
532,0,0,1,1,0,0,0,1,1,0,1,1,0,1,2,1,0,2,1,1,0.6744242959381122,0.9720711881962605,1.2,0
533,2,0,0,0,1,1,1,1,2,1,1,1,1,1,1,1,0,1,0,2,-0.2771872382684733,-2.0945159382927514,1.2,0
534,1,1,1,0,2,0,0,0,2,0,0,0,2,0,2,0,1,1,1,0,0.543691779404977,2.5769447528017273,1.2,0
535,0,0,0,0,1,2,1,0,0,2,0,0,0,1,0,0,1,1,1,0,-1.8279860480088972,-0.2540096557411231,1.2,0
536,1,1,0,1,0,0,1,1,1,1,2,0,0,0,1,2,1,2,1,1,1.0884834652460238,0.6397922934600712,1.2,0
537,1,1,2,0,0,0,0,0,1,0,0,0,0,0,1,1,2,0,0,0,0.6380723376575054,-0.36022717479972144,1.2,0
538,0,0,1,0,1,1,1,0,0,0,0,1,0,0,0,0,0,1,0,0,-2.0439149195289237,-0.011891791234090232,1.2,0
539,1,0,0,0,1,1,0,0,1,1,1,0,0,1,1,1,1,0,1,0,1.1180251524632903,-1.1716538445831564,1.2,0
540,2,0,1,0,1,1,0,0,2,0,1,1,0,0,1,0,0,1,1,1,0.9769034609028178,1.5061309909346858,1.2,0
541,1,0,2,0,1,1,1,0,0,0,0,1,2,1,1,1,2,0,0,1,1.172441907558336,1.9168977909003415,1.2,0
542,0,2,1,0,1,1,2,1,0,0,2,1,1,1,2,0,2,0,1,0,2.5927114266831097,0.03403476184986548,0.6675012717982974,1
543,0,1,1,2,0,0,1,0,1,1,1,0,0,0,2,1,0,1,0,0,0.8029150037253961,-0.6431257144223406,1.2,0
544,0,0,0,1,1,0,2,1,1,1,0,1,0,0,1,1,0,2,0,0,1.7656191329046356,0.36288978846192543,1.2,0
545,2,0,0,0,1,1,0,0,0,2,0,1,0,0,1,0,2,1,0,0,1.2208684905943243,2.1234452331812514,1.2,0
546,0,0,1,1,0,0,0,0,0,1,0,1,2,1,1,1,2,2,0,0,-1.1482823138573264,-0.6235226762756318,1.2,0
547,2,1,2,0,0,1,2,1,1,1,1,0,0,2,1,1,1,1,0,0,-0.4205614795979361,-1.839278979250895,1.2,0
548,1,1,1,1,0,0,1,0,0,1,2,1,0,1,0,1,1,0,0,1,0.2967024122957286,-0.03375407595585461,1.2,0
549,0,1,0,0,0,0,1,0,2,1,1,2,2,1,1,0,0,0,1,0,-1.1174265463245687,1.163703570458527,1.2,0
550,2,0,0,0,1,0,0,0,0,1,1,1,2,2,1,0,2,1,0,1,0.7443906390474787,-0.13506990818184555,1.2,0
551,1,0,2,0,2,0,2,0,1,0,0,1,2,1,0,0,0,0,0,0,-1.3792907692352996,-0.3967221193072607,1.2,0
552,1,0,0,1,2,0,2,1,1,1,2,1,0,0,2,0,1,1,1,0,1.2433656818472318,-0.07974830776305142,1.2,0
553,0,0,1,0,1,1,1,0,0,0,1,1,1,2,1,0,2,2,0,0,-0.5130470052552182,-0.20819133972497947,1.2,0
554,0,0,0,1,1,0,0,0,1,1,1,1,1,1,0,0,1,0,0,1,-0.8644020430756245,0.10357030383403115,1.2,0
555,2,0,1,0,1,1,0,1,1,0,2,0,1,2,0,1,1,1,0,1,0.3085535388496418,-2.405080237782229,1.2,0
556,2,1,1,0,0,1,1,0,1,0,1,1,0,1,1,0,1,1,0,0,-0.14828564231935987,0.6484812920542438,1.2,0
557,0,0,2,0,1,0,2,1,0,1,1,0,1,0,2,0,1,1,0,0,0.303526425092208,0.37001631357341935,1.2,0
558,0,1,1,0,1,1,0,1,1,0,2,1,0,0,1,1,1,1,1,0,-0.7772294012349368,-0.6858613145482891,1.2,0
559,2,0,1,0,0,0,1,1,0,0,2,1,0,1,1,1,0,0,0,0,0.8806395961383012,-0.4337154374722146,1.2,0
560,1,0,1,1,2,0,1,1,2,0,1,0,1,0,1,1,0,0,0,1,0.3961688443054886,-1.213634485690649,1.2,0
561,0,1,1,0,1,0,0,0,0,0,1,0,0,2,1,1,0,0,1,0,-0.793493441819353,0.34840980004337163,1.2,0
562,2,0,1,0,1,0,1,0,0,0,1,0,1,1,2,0,2,0,0,1,-0.7727222216256124,-0.4024444187406795,1.2,0
563,1,0,0,0,1,0,0,0,2,1,2,0,1,1,0,0,0,1,0,1,-1.3560591415747096,-0.34360954675296773,1.2,0
564,1,0,1,0,1,0,0,0,1,1,0,1,0,2,0,0,2,0,0,1,1.2272313097529133,-0.4189856103777888,1.2,0
565,1,0,1,0,0,0,1,0,1,0,2,0,0,1,2,2,1,1,0,1,0.6770222893116714,-0.6593119289205007,1.2,0
566,1,0,1,1,0,1,0,1,0,0,1,0,1,2,0,1,0,1,0,1,-0.631448141100051,-1.0499468418121316,1.2,0
567,2,1,0,0,0,0,0,0,2,0,1,2,1,0,2,1,0,2,0,0,-0.7506548198210267,0.0444794122941404,1.2,0
568,0,1,1,0,1,0,1,0,1,0,2,0,0,2,0,1,0,2,1,2,0.5072394635493443,0.12134544888358101,1.2,0
569,1,1,1,0,1,1,2,0,2,0,0,0,0,0,2,0,1,1,0,0,-0.0030636429882414883,-2.4546032066481365,1.2,0
570,0,1,1,0,2,1,2,0,0,0,1,0,0,1,0,1,2,2,0,0,-1.485778133668248,-0.12960980732838834,1.2,0
571,0,0,1,0,1,1,1,1,1,1,2,0,0,0,2,2,1,2,0,0,0.0962222528626293,-1.169049457675942,1.2,0
572,2,2,1,0,0,0,0,0,0,0,1,0,2,1,1,1,2,1,0,0,0.9545787751195642,-1.236958410671132,1.1981321278195147,1
573,1,1,2,0,0,0,2,0,1,0,1,1,1,1,2,2,2,1,1,2,-2.792241337364931,0.7842009670166821,1.2,0
574,0,1,1,0,0,0,1,0,1,1,2,1,2,1,1,0,0,0,0,1,-0.35934096610325605,-0.2168476354932775,1.2,0
575,2,0,2,0,0,1,1,0,1,0,0,0,2,1,2,1,1,0,1,2,1.1224519176731393,1.4139496829009524,1.2,0
576,1,0,0,0,0,1,0,1,2,1,2,0,0,1,1,0,1,1,0,1,0.569278998560178,-1.5585142170542023,1.2,0
577,0,1,2,0,1,0,1,0,1,1,1,0,1,0,0,0,0,1,0,0,1.1488310545181566,1.23676048410036,1.2,0
578,1,1,1,1,0,1,1,1,0,0,1,0,0,1,2,1,2,1,0,0,-0.1956392337875013,1.124925710964664,1.2,0
579,2,0,1,0,0,1,0,0,2,0,2,1,1,1,0,0,1,1,0,0,-1.4855339923269482,-0.7171837678547435,1.2,0
580,1,1,2,1,1,0,1,0,2,2,1,0,1,0,0,0,0,2,0,0,0.9325196458257637,-0.8128987729659158,1.2,0
581,0,0,0,1,0,0,0,1,0,0,2,2,0,1,2,1,1,1,1,1,-1.3523081811583963,-0.37331116127042374,1.2,0
582,1,0,1,0,2,0,1,1,1,1,0,1,1,2,2,0,2,1,1,1,-0.8199413364705992,-0.7930978977015908,1.2,0
583,1,1,1,1,1,2,1,1,2,0,1,1,0,0,1,1,1,1,0,1,-0.9556868277924927,-1.4109732796027064,1.2,0
584,1,1,1,1,1,0,2,0,0,1,0,1,0,1,1,0,1,1,0,2,0.936115539083946,-0.46789431908028867,1.2,0
585,0,0,2,0,1,0,2,0,1,1,1,0,0,2,1,0,0,0,0,2,-1.0800442720305603,0.8366267180402529,1.2,0
586,0,0,0,0,1,1,2,0,1,1,1,0,0,1,2,0,0,1,0,0,0.22161735864550125,0.29308304819353803,1.2,0
587,1,0,1,0,1,0,1,1,1,1,2,0,0,0,2,0,0,1,0,0,0.428778501117397,-1.387967090653589,1.2,0
588,0,1,1,0,1,1,0,0,1,2,1,1,0,2,1,0,1,0,0,0,0.21049645101729061,-0.27620920749954225,1.2,0
589,0,0,1,0,1,1,0,0,0,1,1,0,0,1,1,0,1,1,0,1,0.013984614320131048,0.9784695331750455,1.2,0
590,1,0,1,0,2,1,1,1,0,2,0,1,0,1,1,1,1,0,0,0,0.9547345784956524,0.9825042360067113,1.2,0
591,1,1,2,0,1,0,1,1,1,0,0,0,0,1,1,2,1,1,1,0,-0.27123376035288616,0.3620835883714266,1.2,0
592,0,0,1,1,1,0,1,0,1,0,1,0,0,0,0,2,1,2,1,2,-1.2798193550984365,-1.4631335766885105,1.2,0
593,2,0,1,0,1,0,1,0,1,1,1,0,0,1,1,0,2,1,0,0,-0.9268957937522635,-0.16064842473794302,1.2,0
594,0,1,1,0,0,0,0,0,2,1,0,0,0,1,1,1,0,1,1,0,-0.4546126304254132,-0.9848167875966276,1.2,0
595,1,0,2,0,1,1,2,0,0,1,2,0,0,1,0,0,1,1,0,0,-0.2790003666402401,-0.21037023418137926,1.2,0
596,2,1,1,0,0,1,1,0,1,1,1,1,1,1,0,0,2,1,0,1,-1.1069578126635349,-0.0910631209306127,1.2,0
597,0,2,1,0,1,1,1,1,1,0,2,0,0,1,1,0,1,2,0,2,0.0018718650620079737,-2.1642252215805486,1.2,0
598,2,0,1,0,1,1,1,0,1,1,1,0,1,0,1,2,1,0,0,1,0.38187443043957897,0.4228484836245831,0.8025313699500546,1
599,2,1,1,2,0,0,2,1,1,1,0,0,1,0,1,1,0,1,0,1,-0.540178840871807,0.16066924310394015,1.2,0
600,0,0,0,0,0,0,1,0,1,0,1,0,0,2,0,1,1,2,0,2,0.7304971178060897,-1.4168342936934537,1.2,0
601,0,0,0,0,0,0,1,1,1,1,1,0,0,1,0,0,2,0,0,1,-0.3974773207114228,-1.5409941774611777,1.2,0
602,2,0,0,0,1,1,0,1,2,1,0,0,0,1,2,0,1,1,0,1,0.06541231388170993,0.8720209296426661,1.2,0
603,0,0,1,0,1,1,1,0,0,2,0,0,0,0,1,1,1,0,0,1,-0.837670670569701,0.37572464632107455,1.2,0
604,2,1,0,0,0,1,0,0,1,1,1,0,2,2,2,1,1,0,0,0,-0.1529376199506543,0.5735738469676067,1.2,0
605,0,0,1,0,1,1,1,0,0,1,2,1,1,2,1,0,0,0,2,0,0.8316133572315371,0.44469503843259517,1.2,0
606,1,1,1,0,0,0,0,1,0,0,0,0,1,0,0,1,2,0,0,0,0.8813479777577914,-0.20267236261553012,1.2,0
607,1,1,1,0,0,0,1,0,1,1,0,0,1,0,1,1,1,2,0,0,-1.076398970918819,1.0266919586183412,1.2,0
608,1,1,0,1,0,0,1,0,2,1,2,1,1,0,1,1,1,0,1,0,0.15433289072012019,0.40673403963138716,1.2,0
609,1,0,1,0,1,1,1,0,1,1,2,1,2,0,0,1,0,0,0,1,0.9532987632647443,1.2808370817806145,1.2,0
610,0,1,2,1,1,0,1,2,1,0,2,0,1,1,1,2,0,2,0,0,-0.31362746689037546,-0.013010467290782202,1.2,0
611,1,1,2,0,0,0,1,0,1,0,2,0,0,1,2,0,0,2,1,0,-1.2885317201440025,-0.21378644161114996,1.2,0
612,1,1,1,0,0,0,1,1,0,0,0,0,1,2,1,0,1,0,0,0,0.8518866257878633,1.3663580331610743,1.2,0
613,0,0,0,1,0,0,2,0,1,0,0,0,0,0,1,0,2,1,2,1,-1.1616477420021425,-0.13377459987673418,1.2,0
614,1,0,0,0,2,1,1,0,1,0,1,0,2,0,2,0,1,1,1,0,0.43641900309343007,0.7904406813588487,1.2,0
615,0,1,1,0,1,1,0,0,0,1,0,1,1,1,2,1,2,1,0,0,0.7255701008588838,0.4228523938160724,1.2,0
616,2,1,1,0,0,0,1,1,2,0,1,0,1,0,1,0,1,1,1,0,-0.6392124143135559,0.5361147479185069,1.2,0
617,0,0,1,0,0,0,2,1,0,1,0,0,1,0,2,0,2,1,0,0,0.5293627635531207,1.1436445871080918,1.2,0
618,1,1,1,0,0,2,0,0,1,1,1,0,1,1,1,1,1,0,1,1,0.02225413118837871,1.1319693843256609,1.2,0
619,0,0,1,0,0,0,1,0,2,1,1,0,1,1,2,1,1,1,0,0,0.24643131038649857,-0.6452236915225489,1.2,0
620,2,1,1,0,1,1,1,0,2,0,0,0,1,1,1,0,2,0,1,0,0.12351027509418344,0.23067384848295006,1.2,0
621,2,1,0,0,0,1,1,0,1,0,2,0,0,1,1,0,1,0,0,0,1.7903318310543388,0.6503600112339016,1.2,0
622,2,0,2,0,2,1,0,1,0,0,1,1,1,0,2,1,2,2,0,0,-1.4416955777826381,0.8033309275367679,1.2,0
623,2,0,1,0,1,0,0,0,0,0,1,1,0,0,1,0,1,0,0,0,0.553377688747671,-1.3023065998170902,1.2,0
624,2,1,2,0,1,0,1,0,0,0,0,1,0,0,0,1,1,1,0,0,-0.8827823590991886,-0.2518186356455214,1.2,0
625,1,0,1,0,1,1,0,0,2,0,1,0,0,2,1,1,0,1,0,1,-1.1218712787073486,0.06949559954431195,1.2,0
626,1,1,1,0,1,0,1,1,0,0,1,1,0,1,1,0,2,1,0,1,-1.8225183092460249,-1.6826318717760842,1.2,0
627,1,0,0,0,1,0,1,0,2,2,0,0,0,1,1,1,1,1,1,1,0.13089348661615502,1.0616626320552103,1.2,0
628,0,0,1,1,0,0,0,0,0,0,1,1,0,2,1,0,1,0,0,0,0.14824457104822544,0.7563787187391501,1.2,0
629,0,2,1,0,0,0,0,0,0,0,0,0,1,1,2,0,2,0,1,2,1.3520974079226813,0.2628264715025872,1.2,0
630,2,0,1,0,1,1,2,0,1,0,0,0,1,0,0,1,1,0,0,0,0.16645072195800611,-0.3927766534932713,0.0810635226545117,1
631,0,1,1,0,0,0,2,0,1,0,2,1,0,0,0,0,2,1,0,0,-1.1652816609923595,-1.553118306465011,1.2,0
632,1,0,1,1,1,1,0,0,0,0,0,0,0,2,1,1,0,1,1,0,-0.43016972635154627,-1.0425989686382147,1.2,0
633,0,0,0,0,1,0,1,0,0,1,1,1,0,0,1,0,1,1,0,1,1.1149821596893392,1.0761231762296593,0.946033597115022,1
634,0,0,0,0,1,1,2,0,0,0,1,1,1,0,1,1,1,0,0,1,1.6787225222675493,-0.3306294873092466,1.2,0
635,2,1,0,1,0,0,0,0,0,0,0,0,1,2,2,1,1,2,0,0,-0.02709505560730381,-1.4224505506811809,1.2,0
636,1,1,1,0,1,1,1,0,2,0,0,0,1,1,0,0,0,1,0,0,0.6672864495231124,0.21088624685584773,1.2,0
637,1,0,2,1,0,1,1,1,1,1,1,0,1,1,1,2,1,0,0,1,0.8018025957661217,0.40529750873901016,1.2,0
638,1,2,0,0,0,1,1,1,1,0,1,0,1,1,0,1,0,1,0,1,-0.09202773933327783,1.0032324439389602,1.2,0
639,1,0,0,0,0,0,1,0,1,0,1,0,0,1,0,0,1,1,0,2,1.3019659883629564,-0.641352595175211,1.2,0
640,1,0,0,0,1,0,0,0,0,0,0,0,1,1,2,0,1,0,0,0,0.5833442313364732,0.2960977165397391,1.2,0
641,0,0,0,0,2,1,0,0,1,0,0,0,0,1,1,0,1,1,0,0,-0.744853018163609,2.2450055542745972,1.2,0
642,0,2,1,0,1,0,0,0,0,1,1,0,1,1,0,0,1,2,0,0,-0.6492076507660436,-0.7653123193124484,1.2,0
643,1,1,0,1,2,0,1,1,2,1,2,1,0,1,1,0,1,0,0,0,1.2224797520047188,0.5340417231732284,1.2,0
644,0,0,2,0,1,0,1,0,2,0,2,1,1,0,1,1,1,0,0,2,0.9670755594271797,0.4924480180350505,1.2,0
645,1,1,1,0,0,1,0,0,2,1,0,0,0,0,2,0,1,1,0,1,-0.34052817212202424,1.1901156335004919,1.2,0
646,0,0,1,0,1,0,2,1,2,1,0,1,0,1,2,0,1,0,0,1,-0.5429927795075021,-2.996583947515566,1.2,0
647,0,0,1,0,1,0,1,0,1,0,0,0,0,2,1,1,1,1,0,1,0.02808211310430028,-0.15624223352839978,1.2,0
648,1,1,2,0,1,1,0,0,1,2,2,1,0,1,1,0,1,1,0,0,0.7161034779983819,-1.82627057726524,1.2,0
649,1,1,1,0,1,0,1,0,0,2,2,1,1,2,0,0,2,1,0,0,-0.03833044993306893,-1.7110553840482352,1.2,0
650,0,0,1,0,0,0,0,0,1,1,1,0,0,1,1,1,0,0,0,1,-0.18887864272697405,-0.1319934963641406,1.2,0
651,1,2,1,0,2,0,2,0,0,0,1,1,0,0,2,1,1,2,0,2,0.023063555665730495,-1.8383755242985973,1.2,0
652,1,0,1,0,1,1,1,0,2,0,0,1,0,0,0,2,1,0,0,0,-0.028279674761801075,0.2799264137911137,1.2,0
653,1,0,0,0,0,0,2,0,0,2,0,0,2,0,1,1,2,2,1,1,0.7947547042924106,-1.0943462824527725,1.2,0
654,0,1,2,0,0,0,1,1,0,0,1,0,0,1,2,0,2,1,0,2,1.7488076121348042,-0.4661683894073465,1.2,0
655,0,0,2,0,0,1,2,0,1,0,1,1,0,1,2,1,1,1,1,0,0.012531782902371252,0.9274160620438672,1.2,0
656,0,1,2,0,0,0,0,2,1,0,0,0,0,0,1,1,1,1,0,0,0.5762001773234029,0.7398179395463027,1.2,0
657,1,1,1,0,0,0,0,0,1,1,1,0,0,0,2,1,1,1,0,1,-0.5768863980876402,-0.864076175721028,1.2,0
658,1,0,2,0,1,2,2,2,2,0,1,0,0,1,1,0,1,2,1,0,-0.9594157470723763,1.5874453752271376,1.2,0
659,0,0,1,0,0,0,2,0,1,0,1,0,1,1,1,0,0,0,1,0,1.3216496772211115,-0.906062499470014,1.2,0
660,1,0,1,0,1,1,0,1,0,0,1,1,1,1,0,0,2,1,1,1,0.5536211540741909,-0.6261107013786491,1.2,0
661,0,2,1,0,0,1,0,0,1,0,1,1,1,1,1,0,0,1,0,0,0.8921800524776351,-1.4766349789836148,1.2,0
662,1,1,2,0,0,2,2,0,0,0,1,0,0,0,1,0,1,1,0,1,0.23311555045944934,1.0823622169883236,0.9019633206320153,1
663,0,1,2,0,1,0,2,0,0,1,1,1,1,2,1,1,1,1,0,1,-0.3174776012530226,-0.8583128603767405,0.9546546424540013,1
664,0,0,2,1,1,1,1,1,0,0,1,0,0,0,0,0,1,2,0,1,1.4575439326455324,-0.6568708814213606,1.2,0
665,1,0,1,0,0,0,1,0,0,1,1,1,1,2,2,1,1,1,1,0,2.038432584184973,0.8956221161032768,1.2,0
666,1,0,0,1,1,0,2,0,1,1,0,0,2,2,1,0,1,1,1,0,-0.17789978313347396,-1.111965517464646,1.2,0
667,1,0,2,1,0,0,0,0,1,0,1,0,0,1,2,0,1,1,0,0,0.8985999870181263,-0.31452325058294783,1.2,0
668,0,0,0,0,1,1,0,0,0,2,2,1,1,2,2,0,1,0,1,0,-0.21335346005109254,-0.312214943113885,1.2,0
669,2,1,0,0,1,0,1,0,0,1,0,1,2,0,1,0,0,0,0,1,1.4530338688429227,2.740090164873123,0.5471049643931353,1
670,1,0,1,0,1,0,2,0,1,0,1,1,1,1,1,0,1,1,1,0,1.5944877125765837,-0.41151152111150446,1.2,0
671,2,0,1,0,2,1,0,0,0,1,2,2,1,0,1,1,1,0,0,0,-1.6261947847565703,-0.6553476044629862,1.2,0
672,1,0,2,0,0,1,1,1,0,0,1,0,0,1,1,1,1,2,0,1,0.050329690284113916,0.16213060367881138,1.2,0
673,0,1,2,0,0,1,1,0,1,2,0,1,0,2,2,0,1,2,0,0,0.12589617552488683,-0.8254147167883418,1.2,0
674,0,1,2,0,2,0,2,0,1,0,0,1,1,2,1,1,2,2,0,1,0.27963896061842874,1.1029909283408252,1.2,0
675,1,1,0,1,1,1,1,0,0,1,0,0,2,0,1,0,1,0,0,0,-0.12518269813167276,-0.5205721205605338,1.2,0
676,1,1,0,0,1,1,1,1,1,1,1,1,0,0,1,0,1,1,0,1,-0.9090862139717503,-1.0063028235707656,1.2,0
677,0,0,1,0,1,0,1,1,0,0,1,1,0,2,0,0,1,0,1,1,-0.05612869141048898,1.2718457097170268,0.4642979657998073,1
678,2,0,1,0,0,0,1,1,0,0,1,0,0,1,0,1,1,0,1,0,0.6583936496845574,1.776130035909958,0.6487343441122729,1
679,1,1,1,0,0,0,1,1,1,0,1,0,0,1,1,0,0,2,1,1,-0.5166398327428711,0.3259617102722306,1.2,0
680,1,0,1,0,0,1,1,0,1,1,0,0,0,0,1,0,0,1,0,1,-0.6833342513962654,-0.5855455776360314,1.2,0
681,1,0,1,0,1,0,1,0,2,1,1,1,1,0,0,0,1,1,0,0,0.5599756821658157,1.4745713775148643,1.2,0
682,0,0,2,0,1,0,0,0,2,0,1,1,0,1,1,0,1,1,0,0,1.0736641391057595,0.03930135613124752,1.2,0
683,1,2,2,0,0,0,1,0,0,0,0,1,0,1,1,1,2,2,1,0,-0.45677489789316444,0.5843984282965401,1.2,0
684,1,1,1,0,1,1,1,0,1,1,0,0,0,0,1,1,1,0,0,1,0.18754919771134596,0.8444479140053055,1.2,0
685,0,0,2,0,1,1,0,0,1,2,2,1,0,1,0,1,2,1,2,0,-0.22929270484587633,0.6761448801293714,1.2,0
686,0,0,1,0,0,0,1,0,1,0,1,0,0,0,0,0,1,2,0,1,0.511622174506138,-0.49054415837271725,1.2,0
687,1,0,0,0,1,0,0,0,2,2,1,0,1,1,1,0,2,0,0,1,-0.8518569363260284,-0.8474063926264389,1.2,0
688,1,0,2,0,0,1,1,0,1,0,1,1,0,0,2,0,0,2,0,0,-0.3828884619805776,-0.8370086150654422,1.2,0
689,1,0,1,1,0,0,0,1,2,1,2,0,0,0,0,1,1,1,0,1,0.18289533711027162,1.0357918295964679,1.2,0
690,0,1,1,0,1,1,2,0,1,0,0,0,2,1,2,0,2,1,0,1,0.8786770406881662,1.6847492766984267,1.2,0
691,1,0,1,0,1,0,0,0,1,0,2,0,0,0,1,1,1,0,0,0,0.4734343938466749,1.364785976242016,1.2,0
692,1,0,0,0,1,2,0,0,1,1,2,0,1,1,2,1,2,1,0,1,1.5312098374144485,1.1133313110413883,1.2,0
693,1,0,1,1,1,0,1,0,1,0,0,1,1,0,1,1,1,1,0,1,0.5564275037287266,1.4701228515614118,1.2,0
694,0,0,0,1,2,1,1,0,1,0,1,1,0,0,0,0,2,1,0,2,0.3364045363637214,-1.0948457742047346,1.2,0
695,1,0,1,0,1,0,2,1,2,1,1,1,0,1,1,0,0,1,0,1,-0.5622672374758019,0.26868068375547144,1.2,0
696,0,0,0,0,0,1,1,0,1,0,1,0,0,0,2,0,1,0,0,1,-0.48373791484484835,-1.2821774399443095,1.2,0
697,0,1,2,1,0,0,0,0,0,1,1,1,0,1,1,0,2,0,0,0,-1.1352518703955203,-1.7520024269075913,1.2,0
698,2,0,0,0,1,1,1,0,0,0,1,0,1,0,1,1,1,1,0,2,-0.3380879076396238,-0.42676441364157225,1.2,0
699,1,0,0,0,1,0,0,0,1,1,1,1,0,0,1,1,1,0,0,1,-0.08027201874281262,0.22046766937730636,1.2,0
700,1,1,1,0,1,1,1,0,0,1,1,1,1,1,1,0,1,0,1,1,0.48253314861789404,0.39635287441106104,1.2,0
701,1,1,0,1,0,1,1,0,1,1,0,0,0,1,1,1,1,1,0,0,0.4780430250308131,1.9633669365475566,1.2,0
702,1,0,2,0,2,1,1,0,2,1,1,0,0,2,1,0,2,0,0,1,-1.3944211141042249,-0.33448770600408373,1.2,0
703,2,0,1,0,2,0,0,0,0,1,0,0,1,0,2,1,1,0,0,0,0.9330175511283897,-0.02447790951413875,1.2,0
704,1,0,0,0,0,0,0,0,2,0,1,0,0,1,0,0,1,1,0,1,1.956032810964323,1.4606997952280112,0.36928601926002846,1
705,2,0,1,1,0,0,1,0,0,0,2,2,2,0,1,0,1,0,0,2,0.22054210827386775,-0.41393408228779016,1.2,0
706,0,1,1,0,1,0,0,0,0,0,1,0,1,0,1,0,2,1,0,0,-0.5344504057088225,0.04095923951147745,1.2,0
707,1,0,0,0,1,1,0,0,0,0,0,0,0,0,1,0,2,0,0,1,0.49241266887395474,-0.3323411267516846,1.2,0
708,1,0,0,1,1,0,1,0,1,0,2,0,0,0,2,1,1,0,0,0,0.03899389739506742,-0.7206707388802382,1.2,0
709,1,1,1,0,0,0,1,1,2,0,2,0,1,1,1,1,2,1,0,0,-0.5249983978732627,-2.0572630548267066,1.2,0
710,2,1,2,1,0,1,2,2,1,0,1,0,0,1,2,1,2,0,1,0,1.745261736499362,0.0446805245059293,1.2,0
711,1,1,0,0,0,0,1,0,1,0,1,0,1,1,2,2,2,0,1,1,-0.22844467269724394,-1.614501136517418,1.2,0
712,1,1,2,0,1,0,2,0,0,0,1,2,0,0,1,0,1,1,0,2,0.05188373210088276,-0.8636923704200647,1.2,0
713,1,1,1,0,0,1,0,0,0,0,0,0,0,0,1,0,1,2,0,0,-0.8526439714103343,0.8305109695011998,1.2,0
714,0,0,1,0,0,0,1,0,0,0,1,2,1,2,0,2,1,0,1,0,-1.5141699166804536,0.4088003323938103,1.2,0
715,1,0,2,1,2,1,0,0,1,0,0,1,0,1,1,0,0,2,0,1,0.855918193546575,0.5353621655224519,1.2,0
716,1,0,0,0,0,1,1,0,1,2,0,0,0,1,1,0,1,2,0,0,0.18879635071959847,-0.5316148800398304,1.2,0
717,1,0,1,0,0,1,1,0,0,0,2,1,0,0,1,1,2,1,0,0,-0.5464552538063936,1.5704983957747718,1.2,0
718,1,0,1,0,0,0,1,0,0,0,0,1,0,0,1,0,0,1,0,1,0.6212402295541231,-0.28519818487329973,1.2,0
719,1,2,1,0,0,0,0,0,1,1,1,0,0,0,0,1,2,2,0,0,0.243143657272551,-0.014554471772641416,1.2,0
720,1,0,2,0,0,1,1,0,0,0,1,1,1,2,1,0,0,0,0,1,0.12883733921084262,1.3008258053557658,1.2,0
721,1,1,1,0,0,1,2,2,0,0,0,1,0,2,2,0,2,2,0,0,0.13567082478327158,0.4245995499575475,1.2,0
722,1,0,2,0,0,0,1,0,2,0,0,0,0,1,2,0,1,1,0,1,-1.2127646243889194,-1.385340524281714,1.2,0
723,1,0,0,0,1,0,1,2,2,2,1,0,1,1,0,0,0,1,0,1,0.023968129625844742,-0.2680451958348705,1.2,0
724,1,1,1,0,0,2,0,0,2,0,2,0,1,1,2,0,1,1,1,1,1.5799757126351879,-1.1062104465661726,1.2,0
725,0,0,1,0,1,1,1,0,2,1,1,1,0,0,1,0,0,1,0,0,0.29513314109852007,-0.3321383998349962,1.2,0
726,1,0,1,0,1,0,0,0,0,0,2,2,0,2,1,0,2,1,0,0,-0.16577455349684048,-0.3934090029390333,1.2,0
727,2,0,1,0,1,1,0,1,1,1,1,0,1,1,1,1,1,1,1,1,-1.4568336449062917,-0.6506690997515259,1.2,0
728,1,1,0,0,0,0,2,0,2,1,0,1,0,0,1,0,2,1,0,0,-1.6279188776397606,-1.2582444579339782,1.2,0
729,1,2,1,1,0,0,0,0,1,1,2,0,0,0,1,0,2,1,0,0,-0.5418113017592912,-0.46957474424623374,1.2,0
730,1,0,2,0,0,1,1,0,1,1,1,1,0,1,1,0,1,1,1,1,0.6265746526422916,0.8555581074001797,1.2,0
731,2,1,1,0,1,0,2,0,1,0,0,0,2,1,0,0,1,0,0,1,-0.05237927305294883,-1.3066231449694994,1.2,0
732,2,0,1,1,0,0,1,0,2,2,1,1,0,1,1,1,0,1,0,0,0.422659679121662,1.5513944038338283,1.2,0
733,0,1,0,0,2,0,0,0,1,0,0,0,0,2,2,0,1,0,0,1,0.23941941521120713,0.3987386137868838,1.2,0
734,1,0,1,0,0,1,1,1,1,1,1,0,1,1,1,1,0,1,1,0,0.5261660661418385,-0.575834889735787,1.2,0
735,0,0,0,0,0,1,1,0,1,0,0,0,2,0,1,0,1,0,0,1,-1.7691110384706774,-2.4116481729151538,1.2,0
736,0,0,1,2,1,0,0,0,2,0,0,0,1,1,0,1,1,2,1,0,-0.2683881152113246,1.4784363266935416,1.2,0
737,0,1,1,0,0,0,0,0,0,1,1,0,0,1,1,0,0,1,1,1,-0.3241998049854883,0.6595562600616041,1.2,0
738,2,0,0,0,0,0,2,1,1,1,1,2,0,0,0,0,1,0,1,2,-0.518167171389952,0.7595000814840376,1.2,0
739,1,1,0,0,1,0,1,0,0,0,0,0,1,1,1,0,1,2,0,0,-1.1581485767994222,0.32851730623063047,1.2,0
740,1,0,0,0,1,1,1,0,1,0,0,1,0,1,1,0,1,1,0,2,-0.6237777437990162,-1.1137164672919535,1.2,0
741,1,0,2,0,0,1,2,0,1,0,1,0,0,0,1,1,2,1,0,0,-1.2254936596920407,-0.7036133234141875,1.2,0
742,1,2,2,0,1,0,0,1,1,0,2,0,0,2,1,0,1,0,1,1,0.04488196452905408,0.3783396100801774,1.2,0
743,0,0,2,0,0,1,1,0,0,1,1,1,1,0,2,1,0,0,0,0,1.7383794114226536,-1.072207038952534,1.2,0
744,1,1,0,0,1,0,0,0,0,2,0,0,0,0,2,0,0,2,0,1,1.812225202828043,0.6384731494769105,1.2,0
745,2,0,1,0,0,0,0,0,0,0,1,1,1,0,0,0,0,1,0,0,-0.5568600302639842,-0.22843144692232198,1.2,0
746,1,0,0,1,1,0,1,0,2,0,1,1,0,1,1,0,1,0,0,1,1.834040928444316,2.4715642563284916,1.2,0
747,2,1,2,0,0,1,0,0,1,0,2,1,0,1,0,1,1,1,1,0,-0.24526570448445043,-0.9522621216656343,1.2,0
748,1,0,0,0,2,0,1,0,0,0,1,0,1,2,1,2,1,1,0,0,0.1922253736268963,1.1466165118548755,1.2,0
749,2,0,1,0,1,0,1,1,1,0,1,1,0,1,0,0,2,0,0,1,-0.2078605755140514,-0.4790670942181945,1.2,0
750,2,0,1,1,0,0,0,0,2,1,1,0,0,1,1,0,2,1,0,0,-1.565014118235673,-0.33683387038569446,1.2,0
751,1,0,0,0,0,1,1,0,1,0,1,0,1,0,1,1,2,1,0,0,-1.516871901470477,0.714922539473462,1.2,0
752,0,0,2,0,1,0,0,0,1,1,0,1,1,2,0,0,1,1,1,1,0.4305042565440717,0.00837897804080201,1.2,0
753,1,0,0,0,1,0,1,1,1,0,1,0,1,0,0,0,2,0,0,0,-1.8889374511778374,-1.0509435081050755,1.2,0
754,2,0,2,0,0,0,1,0,2,0,2,1,0,0,2,1,2,0,0,0,0.69008345924089,0.5056606663834202,1.2,0
755,1,0,1,0,0,0,1,0,1,1,0,1,0,1,0,1,1,2,1,1,0.1753438919752833,0.37588730171903983,1.2,0
756,0,1,0,0,0,0,1,0,0,0,0,1,1,1,2,0,2,1,0,2,-1.0236826770263572,-1.6226631578774535,1.2,0
757,1,0,2,1,1,0,1,0,1,2,1,0,0,1,1,0,1,1,0,1,0.3309485485827356,0.542711633555812,1.2,0
758,2,1,1,1,2,0,2,1,2,0,2,1,1,1,2,0,1,1,0,1,0.33001479848238235,-0.8088210956915214,1.2,0
759,1,1,2,0,2,2,2,0,2,0,1,0,0,2,1,0,0,2,0,0,-1.0742404329384063,0.16189556899792457,1.2,0
760,1,2,1,0,1,1,2,0,1,0,1,2,1,1,0,0,1,1,0,1,0.16919723017205235,0.20066482095775562,1.2,0
761,1,0,1,0,1,1,0,0,2,0,0,2,0,2,1,0,2,1,0,1,1.0402221373225495,2.1997909544650947,1.2,0
762,0,0,1,0,1,0,0,0,1,1,1,0,0,1,0,0,1,0,0,2,0.375733853648296,-0.8252754358605908,1.2,0
763,0,1,2,0,1,1,1,0,1,0,0,0,0,0,0,0,1,1,1,1,1.4088950681463661,0.24959250440916492,1.2,0
764,2,0,0,0,0,1,0,1,1,1,1,2,0,2,2,1,2,2,0,1,-0.45359675901810226,-1.1038805465530994,1.2,0
765,1,1,1,0,0,0,1,0,0,0,2,0,1,2,2,0,0,1,0,0,-0.21490814567117145,1.2716063222023022,1.2,0
766,1,0,2,0,1,0,0,0,1,0,0,1,1,1,1,0,0,1,0,1,0.307511701438191,0.521325259477291,1.2,0
767,1,1,1,1,0,1,0,0,2,0,1,0,0,0,0,1,2,1,0,1,1.343439445225453,-0.06511538529795724,1.2,0
768,2,1,2,0,2,0,0,0,1,1,0,1,0,1,2,0,0,1,1,1,0.1058616804554104,1.6613335884253804,1.2,0
769,2,1,2,1,1,0,1,1,1,1,1,0,0,1,2,1,1,0,0,1,-0.7048445179760917,-0.5054428695206072,1.2,0
770,1,1,0,0,0,0,1,1,0,1,2,1,0,0,0,0,1,1,0,1,-0.06829964125637124,0.6538832077516948,0.6644404116456601,1
771,0,0,1,0,2,0,0,0,2,0,0,1,0,0,0,0,1,1,0,0,-0.8877264505073814,0.9412998017923035,1.2,0
772,1,0,1,1,0,0,1,0,0,0,1,0,0,2,0,0,1,1,0,1,1.3530688935525146,0.0596537938808861,1.2,0
773,0,0,1,0,1,1,0,0,1,1,0,0,1,1,1,1,0,1,0,0,0.35242845412871815,0.959776956167285,1.2,0
774,1,0,1,0,1,0,1,0,2,0,1,0,0,1,1,0,2,0,1,1,-0.5778690504005354,-0.2179014718499598,1.2,0
775,1,0,1,0,0,0,0,0,0,0,1,1,1,0,1,1,1,2,0,0,-0.8765991652301262,0.20206770731277884,1.2,0
776,2,0,1,0,2,0,1,0,0,0,1,1,0,1,2,1,1,1,0,0,-1.4019255263682353,0.9895899573542302,1.2,0
777,2,0,1,0,0,0,0,0,1,0,0,2,1,1,1,0,0,0,0,1,0.360735379864562,-0.7006080104776999,1.2,0
778,0,1,0,0,0,0,2,0,0,0,2,0,0,1,2,2,1,1,0,1,0.3567367397624717,0.38233827100147044,1.2,0
779,0,1,0,0,0,2,1,0,0,1,0,2,0,1,1,1,1,2,1,0,-0.5838141967851398,-0.5936612856072375,1.2,0
780,0,1,1,0,1,1,0,0,1,0,1,1,0,0,1,0,1,1,1,0,-0.6297350428670087,-0.8157296400645302,1.2,0
781,0,2,1,0,0,1,2,0,2,1,0,0,0,0,1,0,1,1,0,0,-0.14309691636233451,-0.018636818252369403,1.2,0
782,0,1,1,0,1,0,1,0,2,1,2,1,0,0,0,0,1,1,0,1,-0.7892597544794607,-0.8969401836254,1.2,0
783,2,1,1,0,0,1,1,0,2,1,1,2,0,1,1,2,2,1,0,0,0.971383408738458,0.9406727588309725,1.2,0
784,0,0,1,0,1,1,2,0,2,0,1,2,2,0,0,0,2,0,0,2,-1.0756109913100347,1.2341346189852431,1.2,0
785,2,0,0,0,1,1,1,1,0,1,2,1,0,0,0,0,0,1,0,0,0.8230939654836237,0.49016468432753063,1.2,0
786,1,0,2,0,1,0,0,0,1,1,2,1,1,1,2,1,0,2,0,1,2.4399044411948014,1.0231367644564886,1.2,0
787,0,0,1,1,2,0,1,0,1,1,1,0,0,0,1,0,2,0,0,1,1.1847293401213632,-0.3457003671613415,1.2,0
788,0,0,1,0,2,0,2,1,1,1,1,1,0,0,1,0,2,1,0,1,0.08035821645966867,0.01710887149211321,1.2,0
789,1,1,1,0,2,2,0,0,1,1,1,1,0,0,1,1,1,1,1,1,0.3026041518779665,0.1760269864751401,1.2,0
790,0,1,1,0,1,0,2,1,1,1,1,0,0,1,2,2,2,1,0,1,-0.05464383151614513,-0.32496756002656385,1.2,0
791,0,0,1,0,0,0,0,0,1,0,0,1,0,1,1,0,0,1,1,0,0.673008726416326,0.03731165666625136,1.2,0
792,2,0,1,0,1,0,1,2,1,1,2,0,1,1,0,0,1,0,0,0,-0.060675889220619526,-0.6662618767026696,1.2,0
793,1,0,2,0,1,1,0,0,1,1,2,0,1,0,2,0,1,1,0,0,-0.3636986162230676,-0.135433057269449,1.2,0
794,1,0,0,1,1,0,1,0,0,0,0,1,1,1,1,0,1,2,0,0,-0.47271645208601504,-2.2444987724679297,1.2,0
795,2,0,0,1,0,1,1,0,2,0,0,0,1,2,1,0,1,2,1,2,-0.543396879343287,0.729471214888557,1.2,0
796,1,2,1,0,0,0,1,0,0,0,1,0,1,0,1,0,0,2,0,1,0.6747107206155164,0.5873653240118848,1.2,0
797,2,1,1,0,1,0,1,0,1,1,2,1,0,0,1,1,1,0,0,2,0.04787550723058057,-0.8786514694059696,1.2,0
798,2,0,1,0,0,0,2,1,1,0,1,1,0,0,0,1,0,1,1,0,0.6365634430641873,-0.4841584498595777,1.2,0
799,1,1,2,0,0,1,1,0,1,2,2,0,2,0,2,1,2,2,0,0,0.31751844474815105,0.6068436223491092,1.2,0
800,2,2,1,0,0,1,0,0,0,0,1,0,0,0,1,1,1,1,1,0,1.9616617896231519,0.33139976027200224,1.2,0
801,2,2,0,0,1,0,1,1,0,0,0,1,1,0,1,1,2,1,0,2,-0.8932658784406863,-1.5239004197937,1.2,0
802,0,1,1,0,1,1,0,0,1,1,1,0,0,1,0,0,2,0,0,1,0.915874475073139,-1.3583497812839525,1.2,0
803,0,0,0,1,0,1,1,0,0,0,0,0,1,0,1,1,1,0,0,0,0.26376117971815527,0.11978542213120902,1.2,0
804,2,0,1,0,0,0,0,0,2,0,1,1,0,0,1,0,0,1,0,2,-0.6338951458007847,0.4496697955544228,1.2,0
805,0,1,1,1,1,0,0,1,1,1,1,0,1,1,1,1,1,2,1,0,0.2417593962642268,-1.0346274708405663,1.2,0
806,1,1,1,0,1,1,1,0,1,0,0,0,0,1,0,0,1,1,0,1,0.20497017965046915,2.2860624416537934,1.2,0
807,1,0,1,0,1,1,2,0,0,1,1,0,0,2,0,1,2,2,0,0,0.3559068812447533,0.7228845468233137,1.2,0
808,1,1,0,1,1,0,1,0,1,0,1,0,0,2,0,1,1,1,0,1,-0.10433423012086211,1.3307813592531728,1.2,0
809,0,0,1,0,0,0,1,1,1,0,0,1,2,1,1,0,1,2,1,0,-0.6625205682183657,-1.0349202857874746,1.2,0
810,0,1,1,0,1,0,2,0,0,0,2,0,1,0,1,0,0,0,0,0,-0.2395199637656946,-0.6211752862317302,1.2,0
811,1,1,2,1,1,1,1,0,1,0,1,1,1,2,2,2,1,1,0,0,-0.05775037491953141,-0.07264704659832452,1.2,0
812,2,2,1,0,1,1,1,0,0,1,1,0,1,1,0,1,2,2,0,2,-0.7009918976341731,1.1264915733805425,1.2,0
813,2,1,1,0,1,0,0,0,1,0,1,0,0,1,1,1,0,0,0,0,0.7939224730216462,1.7368626250142913,1.2,0
814,1,0,1,0,2,0,0,1,1,1,0,0,0,0,2,0,1,0,1,1,0.7263720325205298,0.20883133035322254,1.2,0
815,1,2,1,0,0,0,2,0,0,1,1,0,0,2,2,0,2,1,0,0,0.34701205942021257,0.07286071783282622,1.2,0
816,2,2,1,0,0,2,0,0,0,1,1,0,1,1,0,1,0,1,0,2,0.6091963906369796,-0.37861119789931064,1.2,0
817,1,0,1,0,0,0,2,0,2,0,0,2,0,0,1,1,1,0,0,0,1.0766030383709144,0.7565404755228695,1.2,0
818,1,1,1,0,1,0,0,0,0,1,2,0,0,0,1,1,1,1,0,1,0.6325092753042599,0.3453241147187053,1.2,0
819,2,2,2,0,1,0,1,0,1,2,1,0,0,1,2,0,2,0,0,0,0.41108168943000817,0.40422472373670915,1.2,0
820,2,0,0,0,1,1,2,0,1,0,1,1,0,2,1,1,0,1,0,0,-0.3885625680405317,-1.215023744175053,1.2,0
821,2,0,2,0,0,0,1,1,2,2,0,0,0,0,2,1,0,1,1,1,0.06182267082920564,1.7681552486997298,1.2,0
822,2,0,1,0,1,2,0,0,2,0,2,0,1,2,2,1,2,2,0,2,-2.282894206683606,-1.7705672730029747,1.2,0
823,1,1,0,0,0,1,0,0,0,0,1,0,1,2,1,0,1,1,0,1,-0.2750410962650347,-0.9378518921917552,1.2,0
824,0,0,1,0,2,0,1,0,1,0,0,2,0,1,2,1,0,2,1,1,-1.0655810361447018,0.5670984033697488,1.2,0
825,1,1,1,0,1,0,1,0,1,1,1,1,0,0,0,0,0,0,0,1,0.7714286654188086,0.3086724915910425,1.2,0
826,1,0,1,0,1,0,2,0,2,1,1,1,0,0,1,1,2,1,1,1,-1.2955806086603683,0.3071737419064473,1.2,0
827,2,2,1,0,0,0,0,0,0,0,0,0,1,1,1,0,2,1,0,1,1.2674034828054066,0.5265096783632544,1.2,0
828,2,1,0,0,0,0,1,0,2,0,1,1,0,0,2,1,2,1,1,1,1.185940464581822,0.5094101235909426,1.2,0
829,2,1,1,1,0,0,1,0,2,0,1,1,1,0,1,0,2,2,0,0,-1.8491143582342786,0.8861192948979308,1.2,0
830,1,0,1,0,0,1,2,0,0,0,0,0,0,1,0,0,1,0,0,0,-0.32389035030803925,0.8228144043330056,1.2,0
831,0,1,1,0,1,1,1,1,0,0,1,1,0,2,0,1,1,1,0,0,0.6062839667753022,1.4116254074577252,1.2,0
832,1,0,0,0,0,0,1,1,1,1,0,2,0,1,0,0,0,1,1,1,1.646256074399895,-0.5295193291519666,1.2,0
833,2,1,1,0,1,0,2,1,1,0,0,1,0,0,0,1,0,0,0,1,-1.0992372391030953,-1.4190965004504505,1.2,0
834,1,1,1,0,1,0,1,0,1,0,1,0,1,1,1,0,1,1,1,0,0.5732719181153901,0.11494194026903785,1.2,0
835,0,1,2,0,0,1,2,0,1,1,2,1,1,0,0,0,2,1,0,1,-0.9092054758366688,-0.9886528235563141,1.2,0
836,2,0,2,0,0,1,1,1,2,0,0,1,1,2,1,0,0,2,0,0,-0.13856077489391505,0.8549800810480801,1.2,0
837,0,0,0,0,1,1,1,0,1,1,1,0,1,1,2,0,1,1,0,0,0.19045539847052403,0.2088973139722493,1.2,0
838,2,0,1,0,1,1,1,0,0,2,0,1,0,1,2,0,2,1,0,2,-0.37762190184252425,2.2828573276929776,1.2,0
839,1,1,2,0,1,0,1,0,0,0,2,0,1,2,1,1,1,1,0,1,0.5309091144356827,-0.37654027693814895,1.2,0
840,0,0,1,0,1,1,1,0,2,0,1,0,0,1,2,1,0,2,0,0,0.2804607617743009,0.06426266999768153,1.2,0
841,0,2,1,1,0,1,1,0,2,1,2,1,0,1,1,0,1,0,0,1,1.50590774548828,-1.5893097188401502,1.2,0
842,1,1,2,1,1,1,0,1,0,1,1,0,1,0,1,1,1,1,1,1,-0.6593115544500613,0.10831305081560408,1.2,0
843,2,0,1,0,2,0,0,0,1,1,1,1,0,0,1,0,1,1,0,1,0.27293582479583506,1.912818208406295,1.2,0
844,1,0,2,0,1,2,0,1,0,1,2,0,0,1,1,0,1,2,0,2,-0.7762530881157974,-1.6598903582995101,1.2,0
845,0,0,1,0,1,0,1,1,1,1,1,0,1,0,0,0,2,2,0,2,0.9505271439790198,1.0719972261703297,0.5937341096177833,1
846,1,1,0,0,0,1,1,1,2,1,0,0,0,0,2,0,1,0,0,1,-0.015651106287381394,1.0041008827864213,0.23138675647737697,1
847,1,0,0,0,2,1,2,1,1,0,1,1,1,2,1,1,1,1,0,1,-1.0266069461227643,-0.596669522761638,1.2,0
848,2,0,2,0,0,0,0,2,1,0,2,0,1,1,0,1,1,0,1,0,0.035374760443051115,-0.6642942974278506,1.2,0
849,0,0,1,0,0,0,0,0,1,1,1,2,1,0,1,0,0,1,0,1,-0.061045954520519995,-0.6232966588654236,1.2,0
850,1,0,1,0,1,0,0,0,0,0,0,0,0,0,0,0,2,2,1,1,0.3310988780307061,-0.3787650545421045,1.2,0
851,0,0,1,0,0,1,0,1,2,0,1,0,1,1,0,2,1,0,1,0,-0.6637724535197197,0.4291255315241015,1.2,0
852,1,1,0,0,0,1,0,0,2,2,1,0,1,1,1,0,0,1,0,0,0.22814918160564585,-0.3485328125326982,1.2,0
853,1,0,0,1,0,0,1,0,0,1,0,1,1,2,1,1,1,2,1,1,-0.7788341250033136,-1.5485459605185208,1.2,0
854,2,0,2,0,1,0,1,0,0,0,0,2,0,1,0,1,0,1,1,1,2.276346288827008,1.2541539900784384,1.2,0
855,0,0,2,0,0,0,0,0,1,0,0,0,0,1,2,0,2,2,0,0,0.0035557641072065374,1.1954328514046437,1.2,0
856,2,1,1,0,1,1,1,0,1,0,1,0,0,0,2,0,0,1,0,2,0.3548352431083825,-1.3255384067089069,1.2,0
857,0,0,1,1,0,1,2,0,0,0,2,0,2,0,2,1,0,1,0,1,-0.7104046829356067,-0.515212590795664,1.2,0
858,1,1,2,0,0,0,1,0,1,1,0,0,2,0,2,0,2,1,0,2,-0.6290986738079423,0.1373262722041761,1.2,0
859,2,1,2,1,0,0,1,0,1,0,1,0,0,1,0,0,1,1,0,1,1.2031718689504232,-0.17079743305484268,1.2,0
860,2,0,2,0,0,0,0,1,0,1,0,2,0,0,0,0,2,1,0,2,-0.4879170493216455,-0.05136787015611449,1.2,0
861,1,0,1,1,2,0,2,0,2,1,1,0,0,1,0,1,2,1,0,1,0.2543255711213136,0.7118335136216316,1.2,0
862,0,1,2,0,2,0,1,0,1,0,1,1,1,0,0,0,1,1,0,0,-0.18797401206784856,-1.0036318219405118,1.2,0
863,0,0,1,0,1,0,0,2,1,1,2,0,1,1,1,0,0,0,0,1,0.335453193151626,-1.232923244114597,1.2,0
864,1,1,0,0,1,1,1,0,2,1,1,1,0,0,0,0,0,1,0,0,1.4702119053238845,0.6880800516925922,1.1940740200539337,1
865,1,1,1,0,1,1,0,1,1,1,2,0,0,1,2,0,1,0,0,1,0.5765970179615907,1.5986390802850732,1.2,0
866,1,2,2,0,1,0,1,0,1,2,1,0,0,0,1,0,1,1,0,0,-0.009872773230924099,0.926183341410419,1.2,0
867,1,1,0,0,1,0,0,0,1,1,0,0,0,0,2,0,1,1,0,1,-0.9831010747166239,-0.8222254767494493,1.2,0
868,0,1,0,0,0,0,2,0,0,0,0,1,1,2,0,0,0,0,0,1,0.3197576874514142,0.8465460060818817,1.2,0
869,1,2,1,1,0,1,1,1,1,0,1,0,0,0,1,0,1,2,2,0,2.5642347220600894,1.258491058749197,1.2,0
870,1,0,0,0,1,1,0,0,0,1,2,0,0,2,1,1,0,2,0,2,1.811392327502396,0.8514450261103064,1.2,0
871,1,1,2,0,1,0,1,0,1,0,2,1,1,1,1,0,1,2,0,0,0.7836292434883224,0.07481751671475448,1.2,0
872,0,1,2,0,0,0,1,1,0,2,1,0,1,0,2,0,2,0,0,0,1.0309857808020881,0.5773163555506389,1.2,0
873,0,0,0,0,2,1,0,0,0,1,1,2,0,1,1,1,0,2,0,0,1.0578635538849055,0.5285235485780864,0.13251957201509262,1
874,1,0,2,0,0,0,0,0,0,1,1,1,0,1,0,1,2,0,0,0,-1.0735946056313495,-0.7882665544499768,1.2,0
875,1,0,2,0,0,0,0,0,0,1,1,1,1,0,1,0,1,2,0,1,1.3585097447870895,-1.2299156314724753,1.2,0
876,0,0,2,0,0,1,1,0,1,1,2,0,0,1,1,0,2,2,1,0,2.4263443623847962,1.0339663395468974,1.2,0
877,1,1,1,0,0,1,2,0,1,1,2,0,0,2,1,0,0,0,0,1,2.1855800981853433,1.7672345062638986,1.2,0
878,0,0,1,0,0,1,1,0,0,0,0,0,0,0,2,0,1,2,0,0,0.26408197249055865,-0.6505034284098883,1.2,0
879,1,0,1,0,0,1,0,1,0,0,2,0,1,1,2,0,2,0,0,0,-0.8691220794740458,-1.1427692201677186,1.2,0
880,1,0,2,0,2,0,2,0,2,2,2,0,1,0,1,0,2,0,0,0,0.451158481588827,-0.27980809375535176,1.2,0
881,1,1,1,0,0,0,1,0,0,0,1,1,0,1,1,1,0,2,0,2,0.5425621498881076,-1.159900201909088,1.2,0
882,1,0,0,0,1,1,0,0,0,1,0,0,0,2,2,1,1,1,0,0,-2.2776270687102356,-0.7965840290098207,1.2,0
883,2,1,1,1,1,1,2,0,2,1,1,2,0,1,1,0,2,1,0,0,0.700405962804757,0.6447793024365327,1.2,0
884,2,0,2,0,0,1,0,1,1,1,1,1,1,1,2,0,1,2,1,0,0.6069894495637213,0.5459123553447052,1.2,0
885,1,1,1,0,0,0,2,1,0,0,1,0,0,1,1,0,1,2,0,0,-0.4412874772239283,-1.5894586659166539,1.2,0
886,1,0,1,1,1,0,1,1,0,0,2,0,0,0,1,1,0,1,0,1,0.6448507317800465,0.7870511611562655,1.2,0
887,1,0,2,0,0,0,1,0,1,0,2,1,0,1,0,0,1,0,0,2,0.4196518144888988,0.9228604726115701,1.2,0
888,0,0,2,0,0,0,1,0,0,1,1,0,1,0,0,0,0,2,1,1,-1.7326392419163839,-0.5700784529501888,1.2,0
889,2,0,0,0,1,0,1,1,1,0,0,1,0,2,2,0,1,2,0,0,-0.696975631500214,0.515470038391023,1.2,0
890,1,0,2,0,0,0,0,0,2,0,1,0,0,1,0,0,1,0,0,1,-0.9181641655995343,-1.3737267458002225,1.2,0
891,1,0,1,1,0,0,2,0,2,1,0,2,0,1,1,0,2,1,0,0,-0.9342769653531532,-1.2808871486852318,1.2,0
892,1,2,2,0,0,0,1,0,0,0,0,0,0,1,2,1,1,1,1,1,-0.07859615414910848,-1.1422218814796015,1.2,0
893,0,0,0,0,0,0,1,1,2,0,0,0,0,1,1,2,2,0,0,1,-0.04869686558548016,-0.8522668399750792,1.2,0
894,0,0,2,0,0,1,1,0,2,1,2,0,1,1,2,1,1,1,0,1,0.24843325114952758,-0.87333481235555,1.2,0
895,0,1,1,0,0,0,2,0,0,1,1,0,0,1,1,0,1,1,0,1,-1.6571561249139206,-2.0139420452605283,1.2,0
896,1,0,2,1,1,1,1,0,2,0,0,0,2,1,0,1,0,2,1,1,-1.8116236018212397,-0.4342558978273038,1.2,0
897,2,0,0,0,0,1,0,1,0,0,1,0,0,2,1,0,1,1,1,2,0.6204664367822834,-1.1628077002106538,1.2,0
898,1,0,1,0,0,0,0,1,0,1,0,2,1,0,1,0,1,1,0,2,-0.7876642950091508,-0.0848171865459722,1.2,0
899,2,2,1,0,2,0,2,0,0,1,1,0,0,1,0,0,0,1,1,1,-0.3297122870214292,-0.95566104055908,1.2,0
900,1,0,1,0,1,0,0,0,1,0,1,1,0,1,1,0,1,1,0,1,-0.8161724762342769,-0.8037084206501541,1.2,0
901,2,0,1,1,1,0,1,1,2,0,1,1,0,1,0,1,0,1,0,1,-1.6789798836733716,-1.605268420193035,1.2,0
902,2,0,2,0,0,0,0,1,0,0,2,1,0,0,2,1,1,0,0,1,0.695345983768612,-0.7133155890502572,1.2,0
903,2,0,0,0,0,0,0,0,0,1,1,1,1,0,2,0,1,2,0,0,2.0228761986965225,1.7893603985395825,0.8043278592354113,1
904,2,1,0,1,0,1,2,0,0,0,0,0,0,0,2,1,0,1,0,0,0.8474346799614555,-0.02160912111571678,1.2,0
905,1,0,0,0,0,0,1,0,1,0,1,0,0,0,1,1,1,2,0,0,-0.00003412501711688336,1.3947843908121362,0.7973228570538169,1
906,1,1,2,0,0,1,1,0,1,0,1,0,1,2,1,0,2,1,0,0,-0.43107321797562853,-0.5037485720847874,1.2,0
907,1,0,1,0,0,1,1,0,0,1,1,1,0,0,1,0,2,1,0,1,-0.17784309250103925,0.5485517777576262,1.2,0
908,1,1,1,1,0,1,1,0,1,0,1,0,1,1,0,1,1,1,0,1,0.16758636249628672,-1.7064272413679547,1.2,0
909,1,0,1,0,0,1,1,0,0,1,0,0,0,1,1,0,1,1,0,0,0.2015172937756579,0.7429688186491128,1.2,0
910,0,1,1,0,1,2,2,0,0,2,0,0,1,1,2,1,0,0,0,1,0.9993031308308936,0.3289810047810806,1.2,0
911,1,1,2,0,0,1,1,0,0,1,1,0,0,0,1,0,0,2,0,1,0.45732916466437845,1.3393308214736552,1.2,0
912,2,1,2,0,0,0,1,0,2,1,2,0,1,0,2,0,1,2,1,1,0.24980347483247908,0.42011608194730554,1.2,0
913,0,1,0,1,0,0,0,0,0,0,1,0,0,1,1,0,2,1,0,1,1.0948003108026558,0.5966196386286536,1.2,0
914,1,0,2,0,0,0,2,0,1,2,1,2,0,1,0,0,0,1,0,0,-1.2733347152396246,-1.7373847972673229,0.5538991623184686,1
915,0,0,1,1,0,1,0,0,1,1,1,1,1,1,2,0,2,0,0,0,0.3396276211979472,0.10018273173626198,1.2,0
916,0,0,1,0,0,0,0,1,0,1,0,2,0,0,1,0,1,0,0,1,-0.006257632328955225,-0.9247161521490949,1.2,0
917,1,1,1,0,0,0,1,0,1,0,1,0,0,2,1,0,1,2,0,0,0.6463370153433221,0.043264112126293615,1.2,0
918,2,0,0,0,0,0,0,0,0,1,1,1,0,0,1,1,0,1,0,2,0.4156372867489564,1.4312798591409583,1.2,0
919,0,1,1,0,1,0,0,0,1,0,1,0,1,0,0,1,1,1,1,1,-0.04505983183676637,-0.9499911748954776,1.2,0
920,0,0,2,0,0,1,0,0,1,0,2,0,1,0,0,1,2,1,0,0,1.8096108224976364,1.002498809327894,1.2,0
921,0,1,0,0,1,0,1,0,1,0,1,0,0,0,1,1,1,0,1,0,1.2645350887129856,0.6525037317892728,1.2,0
922,2,0,0,0,1,0,1,0,0,1,2,1,0,2,2,0,1,1,1,0,0.43623891462450104,0.13461020556897438,1.2,0
923,1,2,1,0,2,0,1,0,2,0,1,0,0,0,1,1,2,1,1,0,0.9470579685176929,1.076618813028571,1.2,0
924,0,0,2,1,1,1,1,1,0,1,2,0,0,1,2,2,1,1,1,2,-0.9124708030854972,-0.5053125120774578,1.2,0
925,1,1,0,0,1,0,0,0,0,1,1,1,0,0,2,1,2,1,0,0,-0.4696633039731241,-0.6576425058399575,1.2,0
926,1,0,0,0,1,1,0,0,1,1,0,1,0,1,1,0,1,0,1,0,0.5976914089450401,1.5788173372355092,1.2,0
927,1,1,1,0,2,0,2,1,0,0,1,1,1,1,2,0,1,0,0,2,0.06273318062705724,-1.0226052864473176,1.2,0
928,2,0,1,0,0,0,1,0,1,2,0,0,0,0,1,2,1,0,1,1,2.25035129479413,3.6016690075301803,0.4323907614142214,1
929,0,1,0,0,0,1,0,0,1,0,0,0,1,2,2,0,1,2,0,0,-0.2177590336683357,-1.2243563290861947,1.2,0
930,2,1,0,0,1,1,1,0,1,0,1,0,0,1,1,0,1,1,0,1,0.5357483191313958,-0.16554277028206626,1.2,0
931,1,0,1,0,0,1,0,2,1,0,1,2,0,1,1,0,1,2,0,0,1.5768562199588358,1.2525297553521646,1.2,0
932,0,0,2,0,1,1,1,1,1,0,1,0,0,1,1,0,1,1,0,2,-0.004547394862992789,-1.2128700023747179,1.2,0
933,1,0,0,1,0,0,2,0,1,1,1,1,0,1,0,0,1,1,1,0,-0.2552425857047683,-0.7149147273416437,1.2,0
934,0,1,1,0,1,0,1,0,0,1,0,1,1,1,0,0,1,1,0,0,0.46365111127583447,-1.979242338566313,1.2,0
935,2,0,2,1,1,0,1,0,0,0,2,1,0,1,1,2,0,2,1,0,-0.7592439877424348,-0.582312842109708,1.2,0
936,1,0,0,0,1,1,1,0,1,1,1,1,0,0,1,0,2,0,0,1,-0.44472923043675505,0.2778579316798867,1.2,0
937,2,1,1,1,1,0,1,0,1,0,0,0,1,0,0,0,0,0,0,1,0.5752822718612216,0.3109842077807326,1.2,0
938,1,1,1,0,1,0,1,1,1,1,1,2,0,1,0,0,1,2,0,2,0.5051819832579514,-1.0132042106307346,1.2,0
939,0,2,1,0,1,0,1,0,0,2,0,1,1,0,1,2,1,1,1,1,-1.279872716258508,-0.8449651114474432,1.2,0
940,2,2,1,1,2,0,1,0,0,1,1,0,1,1,2,1,1,1,1,0,1.4542431234031317,-0.09611933528344363,1.2,0
941,1,1,2,0,0,1,1,0,2,0,0,1,1,1,1,0,0,2,0,1,-0.09208776049810208,-0.2635414935423121,1.2,0
942,2,0,2,1,0,1,1,0,1,1,1,1,1,2,2,2,2,2,1,1,-0.9437021045530348,0.25098648169811644,1.2,0
943,1,0,2,0,0,0,0,0,1,1,1,0,0,1,0,0,2,1,0,0,0.21342650293874385,0.6479083637804524,1.2,0
944,2,0,2,1,1,1,1,0,1,1,0,0,1,1,0,0,1,1,0,1,-0.3245549063297055,-1.51229566180175,1.2,0
945,2,0,1,2,1,0,1,0,0,1,0,0,0,0,1,1,1,2,0,0,-1.115150858415542,-0.020970240874123636,1.2,0
946,1,0,2,1,0,1,0,0,1,0,1,0,0,2,2,0,1,1,0,1,-1.181664151906208,0.9178530101000997,1.2,0
947,1,0,1,0,1,0,0,2,1,1,1,0,0,0,2,0,2,0,0,1,1.1997206790919148,1.582443449750173,0.4429402044065842,1
948,2,1,1,0,1,0,1,0,1,0,1,0,0,1,1,1,0,0,1,0,-0.5133391640232587,1.9692289818957132,1.2,0
949,1,1,2,0,1,0,1,0,0,0,0,1,0,0,1,0,1,0,0,0,0.12058919153269142,1.7927749600221683,1.2,0
950,1,1,0,0,0,0,1,0,1,1,1,0,0,0,1,0,0,1,0,0,-0.6665038055952359,0.6603490120107627,1.2,0
951,2,1,0,0,2,1,0,0,0,0,2,1,0,1,1,0,1,2,1,1,-0.7256455388182047,-0.2490240277607707,1.2,0
952,2,0,2,0,0,1,1,1,1,1,1,0,1,1,2,0,1,1,0,1,-0.6503908447344408,-0.7599058631307638,1.2,0
953,0,0,0,0,0,0,1,1,2,2,0,0,1,0,1,0,1,2,1,0,-0.5994319443288745,1.0447084027509452,1.2,0
954,1,1,1,0,1,1,1,1,0,1,2,1,1,1,0,0,2,1,0,0,0.2803694894981767,0.561035805371674,1.2,0
955,1,0,2,0,1,1,0,0,0,1,0,1,0,1,1,1,1,0,1,1,-0.3432391926618976,0.5322523652138704,1.2,0
956,1,1,1,0,0,1,0,0,0,0,1,0,0,0,2,0,1,1,0,1,1.2198773353888317,-0.3975048059075169,1.2,0
957,1,2,1,0,0,1,0,2,0,0,1,0,0,1,1,0,1,1,1,0,-1.3786095737010342,-1.1082109599840768,1.2,0
958,0,0,0,1,0,1,1,0,2,0,0,1,1,1,2,0,0,1,2,1,0.8533735446085042,-0.8809406342086266,1.2,0
959,0,1,0,0,0,2,0,0,1,0,0,1,0,0,0,0,1,0,0,1,-0.17725595252317577,0.6903483688564936,1.2,0
960,0,0,1,0,0,0,1,0,1,0,1,2,0,2,1,0,1,0,0,0,0.49478494998211486,0.6441058046818119,1.2,0
961,2,0,0,0,1,1,0,0,1,1,1,1,1,0,0,0,1,1,0,1,-0.8301755589948661,0.848597624353728,1.2,0
962,1,0,2,0,1,0,1,1,0,0,0,0,0,0,0,0,1,1,0,2,0.5722547078269399,0.7616893435556532,1.2,0
963,1,1,0,0,2,0,2,0,0,1,1,0,0,2,1,0,0,1,0,1,1.8777816050691705,-0.0035802121131009446,1.2,0
964,1,0,1,0,0,0,1,0,1,1,1,0,0,1,1,0,0,1,0,0,1.415013400067439,0.821829857894183,0.09538981759346024,1
965,1,0,2,0,0,1,1,0,1,0,0,2,0,1,0,1,0,1,1,0,2.1890759069914725,2.2048003978292474,1.2,0
966,2,1,1,0,1,0,1,0,0,0,0,0,1,2,2,1,1,0,0,1,0.07464775290288841,-0.7677313824357378,1.2,0
967,1,0,1,0,2,0,2,0,1,1,2,0,0,2,0,2,0,2,0,1,0.5136576931128852,0.26679844815730924,1.2,0
968,0,2,1,0,1,0,1,0,0,2,0,0,1,1,1,0,2,0,0,1,1.4497559538672502,0.5525843804867242,1.2,0
969,0,1,1,0,2,0,0,0,1,0,0,0,1,0,2,0,1,2,0,0,0.581564313570752,0.7700602304543696,1.2,0
970,2,1,0,0,1,1,0,0,1,0,2,1,1,1,1,0,2,0,0,0,-1.1927941111723104,-1.7453908772835256,1.2,0
971,1,1,1,1,1,0,1,0,1,0,0,0,0,0,2,1,0,2,0,0,-0.8514255382080427,0.05234764264832434,1.2,0
972,2,0,2,0,1,1,1,0,2,1,1,0,0,1,0,0,1,2,0,0,-0.5794698964071615,-0.7519464736785038,1.2,0
973,1,0,0,0,2,0,1,1,1,1,0,2,1,1,1,0,1,0,0,0,1.740805861797408,1.2224940259125727,1.2,0
974,1,0,1,0,1,1,1,0,1,0,0,0,0,1,2,1,2,1,1,1,-0.06542981996595061,-0.6102587494001785,1.2,0
975,1,0,1,0,0,1,0,0,2,1,1,1,1,1,1,0,1,1,0,1,0.5380987310124596,-0.2058081930702978,1.2,0
976,0,0,2,0,1,0,0,0,1,0,0,1,1,1,2,0,0,1,0,0,-1.109028704440946,0.6832041793403345,1.2,0
977,2,0,0,0,0,0,0,1,1,1,1,1,0,2,2,1,1,1,1,0,-2.1009334195097855,-2.2740647285793867,1.2,0
978,1,2,0,1,1,0,0,0,1,0,0,1,0,0,1,0,1,0,0,0,-0.9824900838158223,-0.4661401746762705,1.2,0
979,2,0,2,1,2,0,2,0,0,1,0,2,0,1,1,0,1,0,0,0,0.09387152303917431,-0.06681843965677448,0.2009692793533237,1
980,2,1,0,1,0,0,0,0,0,1,2,0,0,2,1,0,1,1,0,1,0.7522917760232087,-1.2291400790828426,1.2,0
981,2,0,1,0,0,1,1,1,0,2,1,0,0,0,2,0,1,1,0,1,-0.9017747325296147,-1.4379600871951692,1.2,0
982,1,2,1,0,1,0,0,0,0,1,1,1,1,0,2,1,1,0,0,0,-3.2757732498386747,-1.4922908505199863,1.2,0
983,1,0,1,2,0,0,1,0,0,0,0,0,0,1,0,1,1,0,0,0,0.669789677962876,0.8969172633604119,1.2,0
984,1,1,0,0,1,1,1,0,1,1,1,0,0,0,1,1,0,1,0,0,0.7511213394906012,0.8256761950341215,1.2,0
985,0,1,2,0,1,1,0,0,0,1,2,0,0,0,2,0,1,0,0,2,-2.4576343479625553,-0.34052217804554363,1.2,0
986,2,0,1,1,1,1,1,0,1,0,0,1,1,1,1,1,1,0,0,2,0.7945596912969582,-0.20596188172215696,1.2,0
987,2,0,2,0,1,1,2,0,0,1,1,1,0,1,2,1,2,0,0,2,-0.9921131752300755,-1.1427142404081874,1.2,0
988,1,0,1,0,1,1,1,1,1,1,0,1,1,2,2,0,1,1,0,0,-0.05690642611143901,1.39918960510923,1.2,0
989,1,0,1,0,1,0,1,0,1,1,1,0,2,2,1,0,2,2,1,1,-0.8139695335802687,0.04207546826068459,1.2,0
990,1,0,2,0,0,2,0,0,0,2,2,0,1,1,0,1,1,0,0,0,-0.36969096425849857,-0.5898288383628659,1.2,0
991,0,1,0,0,0,1,1,0,1,0,0,0,0,1,0,1,2,2,0,1,-0.7718512966915528,0.5999260090530047,1.2,0
992,2,1,0,0,0,0,1,0,1,1,0,1,0,1,2,0,0,0,0,1,0.3052585534139749,-1.675927151854367,1.2,0
993,0,2,2,1,0,0,1,0,1,0,2,1,0,1,1,1,2,2,1,1,0.5250489943795736,0.6944634741596345,1.2,0
994,1,0,2,0,1,0,0,1,0,0,0,1,0,0,2,1,1,1,0,2,-0.4703184753700912,0.5717218396806218,1.2,0
995,0,0,1,0,0,0,1,0,0,0,2,1,2,0,0,0,1,0,0,0,0.09418784967893537,-0.4524374177717124,1.2,0
996,1,1,1,1,2,0,0,0,2,1,0,0,1,1,1,0,0,1,1,0,1.21093346092428,0.37325325043045327,1.2,0
997,1,0,1,0,1,1,1,1,1,1,2,0,1,0,1,1,2,1,0,1,-0.5551032380429759,0.37387296065002723,1.2,0
998,1,1,1,0,0,1,1,0,0,1,1,0,1,2,1,0,2,0,0,1,-0.5531038043353614,-0.8553992303736748,1.2,0
999,1,0,1,0,1,0,2,0,1,0,2,0,0,0,1,0,1,0,0,1,2.7310051364357046,1.0081857210777565,1.2,0
1000,0,1,2,0,0,0,1,0,1,1,1,1,2,0,1,1,1,2,1,1,2.7745703213039667,-0.9796349293088105,1.2,0
1001,1,0,1,0,2,1,1,0,2,2,1,0,1,0,2,1,2,1,1,0,1.3072644598811738,0.15075627733709446,1.2,0
1002,2,0,0,0,1,1,1,0,1,0,2,0,0,0,0,0,0,1,0,1,0.12023494402933536,-0.19726119554649066,1.2,0
1003,0,1,1,0,1,0,1,0,1,1,1,1,0,1,0,0,0,0,0,2,0.1287365577062187,-0.09067398182375219,1.2,0
1004,1,0,0,1,1,1,2,0,0,1,1,0,0,0,1,0,0,1,2,0,0.045980170664948916,-0.518641617109559,1.2,0
1005,2,0,0,0,0,0,1,0,1,1,0,2,2,0,0,1,1,1,0,1,0.27098528186542536,0.40761551316979516,1.2,0
1006,0,1,1,0,0,0,0,0,1,1,0,0,1,1,2,1,1,1,0,0,-0.7665829160697064,-1.1361340146359373,1.2,0
1007,0,1,0,0,0,2,2,0,1,1,1,0,0,1,0,0,0,1,1,1,-0.2949944879320068,-0.0021779960919289243,1.2,0
1008,0,2,0,0,0,1,0,0,2,0,1,0,0,1,1,0,0,1,1,2,0.020973850378848816,-0.5733241943938279,1.2,0
1009,1,0,1,0,0,0,0,0,0,1,1,1,1,1,0,0,0,1,1,0,-1.3039086192588791,-2.2089872391645673,1.2,0
1010,2,1,1,0,0,0,2,0,2,0,0,0,0,0,0,1,2,0,0,0,1.3923560235636625,0.8703400389361302,1.2,0
1011,0,2,0,0,0,0,1,2,2,1,0,0,1,1,2,1,1,0,0,0,-0.8269382885068502,-0.779852470698573,1.2,0
1012,1,0,1,1,1,1,0,1,2,1,2,1,0,1,1,1,2,0,0,1,0.683635753297388,-0.34478901476936347,1.2,0
1013,1,0,1,0,0,0,0,0,2,0,2,0,0,0,2,1,0,1,1,0,0.6182102371344341,2.074505567423697,1.2,0
1014,1,1,2,0,0,0,0,0,1,1,1,0,0,1,1,0,1,2,0,0,1.1144192658131793,-0.49412048173777734,1.2,0
1015,1,0,0,0,0,1,0,1,1,1,1,0,1,0,1,0,2,0,0,1,0.6604253812469357,1.0993287344159297,1.2,0
1016,2,1,1,0,1,1,1,0,2,0,2,0,0,1,1,1,2,1,0,0,-0.14552984910238706,-0.23744742877781477,1.2,0
1017,1,2,1,1,0,1,0,1,0,1,1,0,1,1,1,1,1,1,0,0,0.9127694483667066,-0.500231044500344,1.2,0
1018,1,1,1,1,0,0,2,0,2,1,2,0,1,2,2,0,2,0,0,1,-1.5529750011322336,-1.6257191572714151,1.2,0
1019,0,1,0,0,0,0,1,0,0,1,1,0,0,1,1,1,1,1,1,0,0.53218193212726,0.30668016741544557,1.2,0
1020,1,0,0,0,0,0,1,1,1,0,0,1,0,1,1,0,2,0,0,1,-1.5566683191004749,0.6429101270021708,1.2,0
1021,1,2,1,0,1,1,1,0,2,0,2,1,0,1,0,1,0,1,0,1,0.7202001548377636,-0.38051337413089764,1.2,0
1022,0,1,1,0,0,1,1,0,1,0,2,0,0,2,1,0,0,1,1,0,0.8235053082850933,-1.1490220848239687,1.2,0
1023,1,0,1,1,1,0,2,0,2,0,0,1,0,2,1,0,1,0,0,0,-0.3260297186906593,0.5814489045957154,1.2,0
1024,0,0,2,0,0,0,1,1,2,2,2,0,2,0,0,1,0,1,0,1,0.084995435538547,0.9245691978766962,1.2,0
1025,2,0,2,0,1,0,1,0,0,2,0,0,1,1,1,2,1,0,1,1,1.572573476784162,1.748371177036852,1.2,0
1026,1,0,0,1,1,0,0,0,2,0,1,1,0,1,1,0,1,1,0,1,-1.250542205999923,-0.9365591445491852,1.2,0
1027,1,1,2,0,1,0,2,1,0,2,1,0,0,1,2,0,1,1,0,0,-1.3289391177870231,0.135642009794939,1.2,0
1028,2,1,1,1,0,0,1,0,1,1,1,1,0,1,1,1,0,2,0,0,0.1237225923127641,-0.06306708937416661,1.2,0
1029,0,1,1,0,0,0,2,0,2,1,2,0,1,1,1,0,0,1,0,1,-0.10207351682309923,0.03906580245697344,1.2,0
1030,0,1,2,0,0,0,0,2,0,0,1,1,1,0,0,0,0,0,0,1,-1.2366233237320845,0.4362822699931551,1.2,0
1031,1,0,2,1,1,1,2,1,1,2,1,0,1,1,1,0,1,1,0,0,0.9330036182618648,-0.6702697750317403,1.2,0
1032,1,1,0,2,0,0,0,1,1,0,1,0,0,1,1,1,2,0,0,0,-1.158050911233307,-1.0892161958554964,1.2,0
1033,1,1,1,1,0,2,0,0,0,1,0,0,1,1,0,0,1,0,0,1,-1.4846723407037943,0.8322211912612796,1.2,0
1034,1,0,1,0,1,1,2,0,2,0,1,0,1,0,1,0,1,1,0,2,-1.5246709490834096,-0.42991476313417687,1.2,0
1035,1,1,0,0,0,1,1,1,0,1,1,0,0,2,2,0,1,1,0,1,-0.11646040602726047,-0.6717248301654368,1.2,0
1036,0,0,1,0,0,2,1,0,1,0,0,0,0,0,2,0,1,1,0,1,-0.10751203243998839,1.452762535473843,1.2,0
1037,1,0,1,0,0,0,1,0,0,2,2,2,0,2,2,0,0,1,0,1,-0.2365664257277301,-1.6912004072152134,1.2,0
1038,2,0,1,0,2,0,1,0,2,0,1,0,0,0,1,0,1,0,0,1,-1.3644604365452575,0.16673754444075445,1.2,0
1039,1,0,0,0,1,1,0,0,0,1,2,1,1,1,1,0,0,2,0,1,-0.7973321333171088,-1.6212255784279388,1.2,0
1040,1,1,2,0,0,0,1,0,0,2,1,0,0,1,0,0,1,1,0,0,0.5607560566157498,1.5546110226718741,1.2,0
1041,1,1,1,0,1,0,1,0,0,1,0,0,0,0,2,0,2,1,1,1,-0.4101883046768636,-0.931971184333346,1.2,0
1042,0,0,0,0,1,1,0,0,1,1,0,1,1,0,2,0,1,1,0,1,-0.2194021894683101,-1.1511356463051,1.2,0
1043,1,1,1,0,0,0,0,0,1,0,1,0,1,2,1,0,2,1,0,1,0.43936990964333256,-0.5618774102536798,1.2,0
