site,round,stage,n_train,n_test,loss,accuracy,precision,recall,f1,auc
site01,0,global,1140,286,0.6889370679855347,0.6643356643356644,0.3846153846153846,0.238095238095238,0.2941176470588235,0.5022395096652522
site01,0,local,1140,286,0.5968921184539795,0.7062937062937062,0.5,0.0357142857142857,0.0666666666666666,0.5720768505421971
site01,1,global,1140,286,0.5953827500343323,0.7097902097902098,1.0,0.0119047619047619,0.0235294117647058,0.5720768505421971
site01,1,local,1140,286,0.5952185988426208,0.7062937062937062,0.5,0.1547619047619047,0.2363636363636363,0.5697784064120698
site01,2,global,1140,286,0.5938832759857178,0.7167832167832168,1.0,0.0357142857142857,0.0689655172413793,0.5720768505421971
site01,2,local,1140,286,0.5929449200630188,0.7132867132867133,0.5714285714285714,0.0952380952380952,0.1632653061224489,0.5727251296558228
site01,3,global,1140,286,0.5924121737480164,0.7167832167832168,1.0,0.0357142857142857,0.0689655172413793,0.5825082508250826
site01,3,local,1140,286,0.591387152671814,0.7097902097902098,0.5454545454545454,0.0714285714285714,0.1263157894736842,0.5941772748703442
site01,4,global,1140,286,0.5929833054542542,0.7062937062937062,0.5,0.0357142857142857,0.0666666666666666,0.5788543140028288
site01,4,local,1140,286,0.5910531878471375,0.7132867132867133,0.625,0.0595238095238095,0.108695652173913,0.5889910419613389
site02,0,global,1888,473,0.6910518407821655,0.6236786469344608,0.303030303030303,0.2158273381294964,0.2521008403361344,0.4803989144014129
site02,0,local,1888,473,0.5973052382469177,0.7061310782241015,0.0,0.0,0.0,0.5756041873088356
site02,1,global,1888,473,0.5970240235328674,0.6976744186046512,0.0,0.0,0.0,0.5756041873088356
site02,1,local,1888,473,0.5969988107681274,0.6976744186046512,0.3333333333333333,0.0287769784172661,0.0529801324503311,0.5756041873088356
site02,2,global,1888,473,0.5976251363754272,0.6976744186046512,0.3333333333333333,0.0287769784172661,0.0529801324503311,0.5756041873088356
site02,2,local,1888,473,0.5974870920181274,0.7040169133192389,0.0,0.0,0.0,0.5756041873088356
site02,3,global,1888,473,0.5983309149742126,0.6955602536997886,0.3076923076923077,0.0287769784172661,0.0526315789473684,0.5774996769051824
site02,3,local,1888,473,0.5973092913627625,0.7040169133192389,0.0,0.0,0.0,0.5756041873088356
site02,4,global,1888,473,0.5987344980239868,0.6976744186046512,0.3571428571428571,0.0359712230215827,0.065359477124183,0.5770688838151036
site02,4,local,1888,473,0.5974268913269043,0.7040169133192389,0.0,0.0,0.0,0.5756041873088356
site03,0,global,2784,696,0.691794753074646,0.603448275862069,0.2756410256410256,0.2087378640776699,0.2375690607734806,0.4546512779869229
site03,0,local,2784,696,0.6033064723014832,0.6939655172413793,0.4615384615384615,0.203883495145631,0.2828282828282828,0.6049930651872399
site03,1,global,2784,696,0.5929149985313416,0.7068965517241379,1.0,0.0097087378640776,0.0192307692307692,0.6049930651872399
site03,1,local,2784,696,0.5934658050537109,0.7040229885057471,0.5,0.0388349514563106,0.072072072072072,0.6049930651872399
site03,2,global,2784,696,0.5919190645217896,0.7083333333333334,0.6666666666666666,0.029126213592233,0.055813953488372,0.6049930651872399
site03,2,local,2784,696,0.5957044363021851,0.6968390804597702,0.4242424242424242,0.0679611650485436,0.1171548117154811,0.6049930651872399
site03,3,global,2784,696,0.5926796197891235,0.7083333333333334,0.6666666666666666,0.029126213592233,0.055813953488372,0.5969090548840895
site03,3,local,2784,696,0.5944530367851257,0.7054597701149425,0.5454545454545454,0.029126213592233,0.0552995391705069,0.6049930651872399
site03,4,global,2784,696,0.5927162766456604,0.7054597701149425,0.5454545454545454,0.029126213592233,0.0552995391705069,0.5975133742817516
site03,4,local,2784,696,0.592950701713562,0.7054597701149425,0.5454545454545454,0.029126213592233,0.0552995391705069,0.6049930651872399
site04,0,global,3644,912,0.6910976767539978,0.5997807017543859,0.2731707317073171,0.2058823529411764,0.2348008385744235,0.466116153492647
site04,0,local,3644,912,0.5950086116790771,0.7116228070175439,0.6,0.0992647058823529,0.1703470031545741,0.6061925551470588
site04,1,global,3644,912,0.594429612159729,0.7039473684210527,0.6666666666666666,0.0147058823529411,0.0287769784172661,0.6064395680147059
site04,1,local,3644,912,0.596111536026001,0.7028508771929824,1.0,0.0036764705882352,0.0073260073260073,0.601510799632353
site04,2,global,3644,912,0.5932325124740601,0.7083333333333334,0.65,0.0477941176470588,0.0890410958904109,0.6064395680147059
site04,2,local,3644,912,0.5944185853004456,0.7116228070175439,0.5882352941176471,0.1102941176470588,0.1857585139318885,0.6019301470588235
site04,3,global,3644,912,0.5936838984489441,0.7083333333333334,0.65,0.0477941176470588,0.0890410958904109,0.603463924632353
site04,3,local,3644,912,0.5936282873153687,0.7072368421052632,0.5757575757575758,0.0698529411764705,0.1245901639344262,0.5965245863970589
site04,4,global,3644,912,0.5933967232704163,0.7083333333333334,0.6363636363636364,0.0514705882352941,0.0952380952380952,0.6039723115808824
site04,4,local,3644,912,0.5934601426124573,0.7083333333333334,0.65,0.0477941176470588,0.0890410958904109,0.6025103400735294
site05,0,global,3704,927,0.6918947100639343,0.5943905070118662,0.225130890052356,0.1586715867158671,0.1861471861471861,0.420830145801458
site05,0,local,3704,927,0.591799259185791,0.7022653721682848,0.4358974358974359,0.062730627306273,0.1096774193548387,0.6145655206552066
site05,1,global,3704,927,0.5928345918655396,0.7044228694714132,0.2857142857142857,0.007380073800738,0.014388489208633,0.6145655206552066
site05,1,local,3704,927,0.5972078442573547,0.7022653721682848,0.4358974358974359,0.062730627306273,0.1096774193548387,0.614559895598956
site05,2,global,3704,927,0.5921606421470642,0.7055016181229773,0.4375,0.025830258302583,0.048780487804878,0.6145655206552066
site05,2,local,3704,927,0.5905705094337463,0.7044228694714132,0.2857142857142857,0.007380073800738,0.014388489208633,0.6145655206552066
site05,3,global,3704,927,0.5932380557060242,0.7055016181229773,0.4375,0.025830258302583,0.048780487804878,0.6166102286022861
site05,3,local,3704,927,0.5909973978996277,0.7076591154261057,0.0,0.0,0.0,0.6145852083520835
site05,4,global,3704,927,0.593035101890564,0.7011866235167206,0.35,0.025830258302583,0.0481099656357388,0.6165146026460265
site05,4,local,3704,927,0.5913349986076355,0.6957928802588996,0.3225806451612903,0.03690036900369,0.0662251655629139,0.6145683331833318
site06,0,global,4503,1126,0.6900973916053772,0.6181172291296625,0.3097345132743362,0.2034883720930232,0.2456140350877192,0.5016988342354131
site06,0,local,4503,1126,0.6156075596809387,0.6936056838365897,0.4871794871794871,0.0552325581395348,0.0992167101827676,0.5436046511627907
site06,1,global,4503,1126,0.6122155785560608,0.6989342806394316,0.7777777777777778,0.0203488372093023,0.0396600566572237,0.5436046511627907
site06,1,local,4503,1126,0.6142892241477966,0.6873889875666075,0.4375,0.0813953488372093,0.1372549019607843,0.5508683756616903
site06,2,global,4503,1126,0.6123275756835938,0.6998223801065719,0.7142857142857143,0.0290697674418604,0.0558659217877094,0.5436046511627907
site06,2,local,4503,1126,0.611636757850647,0.6980461811722913,0.6,0.0348837209302325,0.0659340659340659,0.5496583744721346
site06,3,global,4503,1126,0.6112913489341736,0.6998223801065719,0.6875,0.0319767441860465,0.0611111111111111,0.5468387557247368
site06,3,local,4503,1126,0.6192585229873657,0.6785079928952042,0.4021739130434782,0.1075581395348837,0.1697247706422018,0.5482067447808243
site06,4,global,4503,1126,0.6117201447486877,0.6953818827708703,0.52,0.0377906976744186,0.070460704607046,0.5478424433474097
site06,4,local,4503,1126,0.6114301681518555,0.6980461811722913,0.8333333333333334,0.0145348837209302,0.0285714285714285,0.5488740111818236
site07,0,global,5712,1429,0.6911199688911438,0.6032190342897131,0.2781456953642384,0.1939953810623556,0.2285714285714285,0.4696325718578703
site07,0,local,5712,1429,0.6093934774398804,0.6976906927921623,0.6666666666666666,0.0046189376443418,0.0091743119266055,0.5616553975718115
site07,1,global,5712,1429,0.6090286374092102,0.6962911126662001,0.4,0.0046189376443418,0.0091324200913242,0.5616553975718115
site07,1,local,5712,1429,0.6100859642028809,0.6962911126662001,0.4838709677419355,0.0346420323325635,0.0646551724137931,0.5616646725470009
site07,2,global,5712,1429,0.6094105839729309,0.6962911126662001,0.4736842105263157,0.0207852193995381,0.0398230088495575,0.5616553975718115
site07,2,local,5712,1429,0.6086634397506714,0.6969909027291813,0.5,0.0046189376443418,0.0091533180778032,0.5616298913900406
site07,3,global,5712,1429,0.6093144416809082,0.6969909027291813,0.5,0.023094688221709,0.0441501103752759,0.5608322435237486
site07,3,local,5712,1429,0.6145063042640686,0.6927921623512946,0.4464285714285714,0.0577367205542725,0.1022494887525562,0.5616553975718115
site07,4,global,5712,1429,0.6096926331520081,0.6962911126662001,0.48,0.0277136258660508,0.0524017467248908,0.5617945221996531
site07,4,local,5712,1429,0.6206321120262146,0.6962911126662001,0.4893617021276595,0.0531177829099307,0.0958333333333333,0.5616553975718115
site08,0,global,6523,1631,0.6905822157859802,0.6290619251992643,0.3283582089552239,0.2244897959183673,0.2666666666666666,0.4880296553327729
site08,0,local,6523,1631,0.6016952395439148,0.6989576946658492,0.4285714285714285,0.0061224489795918,0.0120724346076458,0.5787332987533313
site08,1,global,6523,1631,0.6016092896461487,0.69773145309626,0.3846153846153846,0.010204081632653,0.0198807157057654,0.5741812588313152
site08,1,local,6523,1631,0.6017172932624817,0.6983445738810545,0.4736842105263157,0.036734693877551,0.0681818181818181,0.5886234774365487
site08,2,global,6523,1631,0.6014813184738159,0.6995708154506438,0.5,0.0224489795918367,0.04296875,0.574180364520918
site08,2,local,6523,1631,0.6014822721481323,0.7001839362354384,0.5084745762711864,0.0612244897959183,0.1092896174863388,0.578278989071527
site08,3,global,6523,1631,0.6013141870498657,0.700797057020233,0.5384615384615384,0.0285714285714285,0.0542635658914728,0.5774526462644656
site08,3,local,6523,1631,0.6044598817825317,0.6989576946658492,0.4864864864864865,0.036734693877551,0.0683111954459203,0.5801355774562235
site08,4,global,6523,1631,0.6016945838928223,0.6989576946658492,0.4857142857142857,0.0346938775510204,0.0647619047619047,0.5763249208535299
site08,4,local,6523,1631,0.603507936000824,0.69773145309626,0.4823529411764706,0.0836734693877551,0.1426086956521739,0.5786903718542633
site09,0,global,6739,1685,0.6907516121864319,0.6207715133531158,0.3234501347708894,0.2362204724409448,0.273037542662116,0.5039194468788257
site09,0,local,6739,1685,0.6074667572975159,0.6985163204747774,0.0,0.0,0.0,0.5618113581171937
site09,1,global,6739,1685,0.6042566895484924,0.7008902077151336,0.7,0.0137795275590551,0.027027027027027,0.5618138668307923
site09,1,local,6739,1685,0.613244891166687,0.7050445103857567,0.6571428571428571,0.0452755905511811,0.0847145488029466,0.5618130305929261
site09,2,global,6739,1685,0.604210376739502,0.7044510385756677,0.6785714285714286,0.0374015748031496,0.0708955223880597,0.5618138668307923
site09,2,local,6739,1685,0.6044934988021851,0.7008902077151336,0.8333333333333334,0.0098425196850393,0.0194552529182879,0.5482768482529319
site09,3,global,6739,1685,0.6037777066230774,0.7038575667655786,0.6451612903225806,0.0393700787401574,0.0742115027829313,0.5568482863813646
site09,3,local,6739,1685,0.6033428311347961,0.7050445103857567,0.6410256410256411,0.0492125984251968,0.0914076782449725,0.5538737882913318
site09,4,global,6739,1685,0.6038981080055237,0.7044510385756677,0.6190476190476191,0.0511811023622047,0.0945454545454545,0.5576167889803919
site09,4,local,6739,1685,0.6076034307479858,0.7008902077151336,0.8333333333333334,0.0098425196850393,0.0194552529182879,0.5554609677613578
site10,0,global,7504,1876,0.6901668310165405,0.6167377398720683,0.3262411347517731,0.2412587412587412,0.2773869346733668,0.5015873696855292
site10,0,local,7504,1876,0.6016754508018494,0.7046908315565032,0.5608108108108109,0.1451048951048951,0.2305555555555555,0.5863447327212665
site10,1,global,7504,1876,0.6023682951927185,0.6993603411513859,0.75,0.0209790209790209,0.0408163265306122,0.5811147249989275
site10,1,local,7504,1876,0.6026986241340637,0.6998933901918977,0.7368421052631579,0.0244755244755244,0.0473773265651438,0.5811153953408554
site10,2,global,7504,1876,0.6015101075172424,0.7041577825159915,0.7297297297297297,0.0472027972027972,0.0886699507389162,0.5811147249989275
site10,2,local,7504,1876,0.6004909873008728,0.6993603411513859,0.54,0.0944055944055944,0.1607142857142857,0.587578832210734
site10,3,global,7504,1876,0.6008919477462769,0.7046908315565032,0.725,0.0506993006993006,0.0947712418300653,0.5853331867518985
site10,3,local,7504,1876,0.6015390753746033,0.7046908315565032,0.7368421052631579,0.0489510489510489,0.0918032786885245,0.5857005341284482
site10,4,global,7504,1876,0.6009821891784668,0.7052238805970149,0.6938775510204082,0.0594405594405594,0.109500805152979,0.5845924589214466
site10,4,local,7504,1876,0.6007707118988037,0.7046908315565032,0.725,0.0506993006993006,0.0947712418300653,0.5885065854391008
